A1x,A1y,A1z,G1x,G1y,G1z,A2x,A2y,A2z,G2x,G2y,G2z,A3x,A3y,A3z,G3x,G3y,G3z,A4x,A4y,A4z,G4x,G4y,G4z,A5x,A5y,A5z,G5x,G5y,G5z,A6x,A6y,A6z,G6x,G6y,G6z
-7708,-712,15604,530,-234,299,-15016,480,-4548,1122,762,1223,-15236,3456,-2796,3263,375,837,-15288,836,-840,4160,754,653,-14940,-2836,-5560,3171,1074,1143,-14500,-3380,1724,2476,723,30
-7736,-432,15592,298,-391,306,-15800,572,-4956,1975,1011,1344,-15544,3104,-3796,3914,254,803,-15608,-148,-1804,4169,555,661,-15676,-1800,-5468,3184,1143,1081,-15936,-3476,1600,1881,666,47
-7360,-668,16208,127,-481,281,-15432,792,-5928,1133,738,1105,-15556,3908,-5088,2785,462,816,-15580,816,-2776,2757,736,785,-15296,-2076,-5780,1850,849,741,-15580,-4008,2256,2157,376,-255
-7592,-636,15524,332,-830,544,-14692,-608,-5200,1770,837,1062,-15556,1464,-4084,3374,136,574,-14936,-1072,-2176,2766,730,1026,-14516,-3004,-6084,889,1107,994,-14428,-4108,2252,1024,1283,-393
-7676,-456,15484,345,-333,436,-16376,3200,-4860,2549,169,1201,-15260,4304,-4620,3544,139,939,-15280,-420,-2364,3312,1113,1059,-15148,-3192,-5864,1832,1496,1076,-15348,-5316,936,101,1980,177
-8020,-236,15792,134,224,195,-15256,1208,-4600,-1142,-364,970,-15240,2940,-3528,-92,284,1088,-15608,248,-1120,1187,938,1127,-15156,-2316,-5828,1266,1334,1240,-15368,-3976,1168,1066,1362,246
-7592,-524,15668,-129,98,147,-15412,412,-4996,177,-147,1287,-15384,2632,-3608,1293,216,1430,-15144,-440,-1492,1224,832,1356,-14996,-2208,-5532,609,1063,1270,-14992,-3160,1388,191,1109,395
-7464,-440,15688,-351,204,186,-15168,1684,-5260,-762,-209,1382,-14876,4460,-3956,60,677,1555,-15184,588,-1560,401,1154,1224,-15184,-1548,-5296,188,992,1012,-15156,-3400,1248,-652,570,356
-7508,-208,15560,-977,511,83,-15768,2128,-4352,-2902,-135,1055,-15164,4760,-3296,-1761,885,1796,-15632,1304,-872,-1775,957,1613,-15472,-2156,-5320,-1295,469,1135,-15276,-4216,960,-2277,47,271
-7612,-464,15456,-623,434,-19,-15548,588,-4504,-2895,60,1258,-15412,2488,-3304,-1782,861,1995,-15556,-564,-1336,-2418,436,1835,-15392,-2556,-5204,-1167,247,1627,-15408,-4932,852,-2338,-664,160
-7972,-656,15640,27,312,65,-15040,2112,-5204,-2106,-167,1634,-14736,3272,-4828,-1038,1108,1985,-14288,-868,-3112,-1343,466,1926,-14128,-3124,-6172,-480,-43,1882,-14420,-4536,1524,-1251,-1247,-202
-7760,-716,15672,-89,148,9,-15532,1704,-5408,-2988,-397,1694,-15276,3896,-4284,-2196,1360,2336,-15200,1008,-2092,-1908,1148,2277,-14824,-2672,-5840,5,446,2011,-14316,-4296,1236,-2093,-203,-652
-7776,-748,15604,529,-713,342,-14872,620,-4788,-1921,-187,2154,-14828,1340,-3868,-912,974,2368,-14500,-1088,-2068,-958,426,2542,-14672,-1528,-6180,-979,113,2269,-14812,-4464,876,-2686,-181,-241
-7412,-740,15536,794,-1080,441,-15284,976,-5616,-198,-351,3227,-15236,1924,-5052,1392,794,3027,-14976,-1200,-3280,-313,659,2344,-14920,-2192,-5916,-1734,-40,1946,-15356,-4584,1120,-2503,-206,331
-7532,-1068,15632,547,-603,736,-15520,2536,-5868,-120,-1022,3508,-15300,4104,-5832,2041,381,3394,-14896,740,-4020,1300,1171,2504,-14424,-2824,-6096,-1229,305,1949,-14868,-5008,1412,-2993,64,443
-7900,-596,15816,227,-149,803,-15132,2792,-4616,-305,-1208,3519,-14444,5048,-4124,1776,538,3545,-14864,1616,-1704,414,1294,3039,-14676,-1540,-6080,-1565,1118,2509,-14504,-5824,1236,-3103,597,512
-7144,-608,15540,-180,245,675,-15996,2708,-4832,-977,-1389,3551,-15284,4804,-4660,761,668,3894,-15468,1400,-2524,-1480,1057,3343,-15288,-2224,-6232,-2883,926,2839,-15136,-5848,352,-2943,682,873
-7412,-308,15760,-876,1362,426,-16024,3540,-4468,-2306,-1923,3768,-15340,5720,-3828,-895,588,4259,-15544,1252,-1964,-1846,899,3643,-15212,-2376,-6248,-2615,552,3082,-15172,-4420,48,-3178,569,1215
-7176,-432,15572,-1222,2576,130,-16352,3728,-4772,-4046,-2202,3861,-15588,4924,-4596,-2592,919,4845,-15732,1012,-3072,-3265,844,3954,-15560,-1668,-6376,-2773,429,3060,-15672,-5180,1300,-2273,748,830
-7532,-916,15512,-1534,4679,-278,-16288,2204,-5452,-6323,-2572,4210,-16048,4020,-4232,-5046,1013,5551,-15360,624,-2960,-4171,890,3831,-15584,-1460,-6992,-2084,327,2743,-15792,-5112,1440,-1222,985,1254
-7368,-664,14864,-1946,8884,-715,-17492,2784,-3464,-5327,-3157,5333,-16600,4332,-3848,-2919,608,6647,-16128,-556,-3108,-2479,846,3411,-16008,-2064,-7356,-1402,233,2079,-16308,-3952,1392,-187,2388,1594
-8084,-664,14364,-2468,11859,-1366,-17860,4328,-3460,-7116,-3705,5990,-16316,5756,-2964,-4815,782,7593,-16432,984,-1360,-2905,677,3007,-16536,-648,-6592,-1248,-77,1191,-17504,-3536,304,34,3333,1260
-8532,-2088,14552,-1680,13737,-1308,-16884,1588,-4608,-9076,-4632,6542,-16404,5592,-3144,-7478,1133,8169,-16600,2416,-1764,-5387,125,2136,-16932,-100,-6580,-2923,-1095,206,-16768,-3364,900,1510,844,797
-8552,-1364,13920,-1540,17815,-608,-17844,3152,-3624,-7992,-4896,7473,-16220,5096,-1932,-6531,957,8969,-15948,-912,-1452,-6124,-888,755,-15840,-264,-6152,-5391,-2036,-933,-16244,-2988,944,92,33,585
-10788,-1440,12820,26,19718,-53,-17012,3252,-1908,-8168,-5141,8602,-14972,4620,-956,-6998,948,9931,-14896,-968,584,-5067,-1480,-415,-14904,-1004,-5120,-5413,-2127,-1589,-15968,-2552,744,-1107,863,344
-12732,-1636,12584,587,20363,-623,-17536,2828,-2004,-7807,-5146,9765,-15440,4236,-608,-6518,1685,11381,-14764,-3036,1120,-5458,-2594,-2260,-14108,-1252,-4656,-5724,-2203,-2845,-14800,-3532,1748,-1269,1,203
-12152,-1288,12444,746,25093,822,-18912,1472,-3280,-6728,-5154,11926,-16800,1304,-920,-6281,1468,12543,-15256,-4756,1264,-6144,-4646,-4553,-13972,-816,-4904,-6264,-2548,-5017,-14300,-1656,2432,1530,-567,-297
-13948,-1328,14476,-1884,32767,1457,-20940,3144,-2796,-4573,-5011,14589,-18236,4260,-1304,-2627,2435,13308,-16952,-5268,364,-3015,-4813,-6635,-14700,-1508,-4256,-5262,-2663,-7499,-14888,-296,2048,292,1370,373
-19392,-3748,10868,-3771,32767,860,-20872,3028,-3940,-2388,-5133,15851,-18916,5312,-3792,475,1167,13989,-17516,-2008,-952,1936,-4096,-7289,-15388,-1684,-3880,-3214,-3130,-9559,-16236,-876,2816,69,792,86
-16368,-2236,9312,-3364,32767,4437,-16900,3892,-3720,-1415,-5230,14250,-13092,11300,-5056,4449,837,11943,-18408,2240,-1260,953,-2495,-8752,-16336,-916,-4152,-492,-2999,-11168,-15140,-1384,2900,422,44,-285
-18756,1520,6732,-551,32767,7748,-14056,7796,-1744,-1135,-5432,11710,-11616,14896,-6868,2055,-622,7723,-18824,4844,-3464,-267,-1166,-9025,-17092,-16,-4416,-200,-4156,-11744,-15524,-2152,3108,-522,-367,-259
-32768,-14140,32767,-15943,7914,-429,-8300,15976,2392,1370,-6012,10016,-5640,18268,-8172,4065,-4063,6010,-17924,7160,-3196,146,-1825,-8264,-16784,-1752,-3776,-908,-3132,-11155,-15924,-3912,2492,-384,-316,-357
-3116,-328,8644,1177,-16142,4661,-7672,-3812,-3552,-3422,-1921,-2063,-8120,15704,-5612,-6316,-983,-1454,-18544,5628,-1428,1647,871,-8883,-18672,-3048,-3700,-1087,-1204,-9829,-17744,-4108,1260,-797,212,22
-8220,268,15232,-3344,-19333,5342,-4332,788,-1796,-440,912,-6562,-5052,9956,-1052,-3134,-3130,-8188,-15656,3900,-780,3457,-1754,-11407,-16532,-2724,-4284,452,-2039,-7543,-16288,-3168,2312,1162,-2625,276
-5492,-96,10448,-1787,-24064,8102,-6960,-728,-2056,-781,909,-14441,-5960,13968,-4444,814,-4551,-13303,-15416,3968,-1712,4163,-102,-11902,-13968,-3308,-3524,1799,-92,-6254,-13924,-2192,2768,1153,-2748,194
-12296,-4408,13960,54,-32149,7568,-9436,2244,-800,-1527,3674,-20477,-7012,13124,-2376,-2736,-3974,-17234,-15128,2836,-716,5317,-257,-11831,-14252,-2056,-2792,2184,993,-6121,-13764,-2128,3172,311,-1934,-46
-11592,-1984,10296,2099,-31099,4503,-13072,-292,760,2117,4968,-24341,-8492,10120,-1508,468,-5411,-21395,-14572,2688,-248,5877,-1013,-11454,-14472,-2928,-3812,1408,797,-5203,-14916,-2616,1924,-274,-1133,-5
-15140,-4300,12576,-1259,-32768,-2028,-15232,3180,-1120,5093,6610,-27212,-8676,10564,-520,2003,-5629,-24491,-13652,3516,-200,5981,-367,-9354,-14348,-3476,-4336,-241,-572,-3914,-15060,-3372,2764,-779,-1531,-103
-17452,-964,13416,128,-31087,-4917,-19308,3764,-1176,6542,7452,-28499,-11768,10536,-1380,2297,-5136,-26634,-13976,2180,936,5009,-1304,-7722,-14228,-4344,-4156,-1833,-617,-2449,-14852,-4148,2920,-773,-704,-16
-17056,-2840,12788,-1320,-28161,-8577,-21704,3700,-1984,8091,8054,-28768,-13008,8720,-1348,3364,-4962,-26966,-13900,304,1492,2573,-1765,-6597,-13784,-4728,-3184,-2075,86,-1004,-14812,-3676,1928,-1156,192,89
-16032,-812,11948,894,-23633,-10223,-22156,3696,-2800,9499,7955,-27955,-14040,7024,-1116,4488,-4808,-27404,-13648,-1256,1708,1087,-1025,-4359,-13836,-6352,-2828,-1327,-562,349,-14772,-3768,1640,-1637,269,177
-17408,608,14240,1539,-14492,-8782,-22672,3652,-3976,9520,7949,-26954,-14592,5472,-536,5531,-4802,-26889,-13752,-3556,1304,2881,-531,-2672,-13412,-6988,-3596,-125,-670,1257,-14656,-4904,2140,-1444,-239,199
-24084,4636,20080,-2555,-16748,-7877,-23748,8040,-2200,7944,7600,-24967,-16384,3680,-816,5199,-3956,-24038,-13872,-5340,1332,5050,139,-4288,-13536,-7484,-3332,798,-457,1717,-14080,-4952,2088,-606,45,-42
-20272,760,12916,-4464,-18886,-6822,-21424,5360,-3028,2047,5947,-21903,-16112,2716,-436,940,-3310,-20781,-15284,-6484,644,6725,1179,-6394,-14284,-8420,-3368,1734,-408,1169,-14668,-4332,2252,691,316,-286
-18500,2228,11080,-1198,-15860,-3467,-19784,3268,-1296,2458,5594,-17129,-16492,-1060,-276,1378,-2362,-16663,-15416,-7908,1380,7067,-3375,-6091,-14036,-7520,-3740,2729,-59,72,-14948,-3280,2288,950,62,-548
-13260,408,6940,-437,-13275,-3697,-17960,1984,-1536,3123,3336,-12672,-15584,-2416,-916,2851,-2962,-11793,-12048,-7284,1752,4533,-3475,-1567,-13548,-6584,-3352,2919,1282,-294,-14628,-2988,2260,-18,1077,-729
-15384,2892,8488,2049,-8484,-1167,-15936,4380,-2480,2939,2545,-7493,-14760,-3388,508,3626,-1122,-7182,-13136,-8104,2684,2730,-196,-660,-13880,-5420,-1736,355,340,-229,-14840,-4624,2148,-961,1250,-970
-10204,2192,3744,-2156,-5021,727,-15080,3336,-2680,-788,1843,-3306,-14068,228,-580,1469,381,-2780,-13820,-4796,2236,2168,-72,358,-14188,-6144,-2404,17,203,43,-15540,-5624,1472,-792,1335,-780
-12392,4240,9904,470,-292,4676,-15484,2176,-1072,-2584,991,225,-14460,-344,-1888,-353,1220,232,-12956,-4464,-212,-316,25,982,-13592,-7248,-3528,2278,1766,431,-15292,-5088,2420,-832,1084,-494
-11364,628,9912,-956,1100,5827,-15116,1528,-1888,-2339,-191,2671,-14548,-196,284,-166,1476,2873,-13712,-4296,2324,1324,1801,3210,-13460,-6648,-2580,3387,1625,2877,-15000,-6328,1784,-59,1707,-1085
-9944,-3104,4856,-205,2571,3366,-15952,1736,-1904,-1871,65,5926,-14716,1180,-1064,1819,2152,6161,-13684,-2904,1244,780,2262,5428,-14516,-6056,-1548,2913,1573,3904,-14788,-7524,1204,1709,2082,-738
2984,-3564,9532,-1682,24152,1758,-13456,-9044,-6596,-3423,839,1060,-16992,-8176,7156,-2146,1303,926,-18264,-7284,7216,1390,3239,4331,-16380,-4068,-2092,2238,732,5142,-17816,-4728,476,1730,3168,635
-4216,704,14340,-902,14572,1646,-16604,-10884,-4716,-3560,1009,3270,-18228,-5192,1684,-450,1627,3463,-17628,-9228,2260,-949,1056,3825,-19936,-5332,-1660,-660,910,5605,-19004,-1608,2860,2655,-33,862
-6704,-6124,14416,1805,14708,3380,-14320,-9564,-7672,-319,1446,4893,-17208,-6472,-2408,5893,1565,3699,-16380,-7440,-1640,1936,1506,4017,-17104,-7528,-1220,-1153,196,2083,-17496,-2024,3596,1383,-2855,448
-11316,84,16600,816,11319,1465,-16732,-2696,-5068,2632,1294,6080,-16676,976,-2480,5656,2084,4414,-15280,-3644,552,6152,1571,4532,-13840,-5140,-4724,-473,661,2490,-14988,-4632,2968,833,-2731,-601
-14288,-848,19680,-3626,6506,-99,-16208,-112,-2644,-905,1009,5661,-15608,2972,-136,2370,3031,4198,-15800,236,1816,3109,3049,4388,-15876,-3920,-4152,897,2044,3905,-15640,-5376,1548,-476,-1219,-183
-9684,-140,15928,-2963,2375,-761,-16124,-3864,-3000,-1978,2324,5078,-16760,872,184,1294,3528,4305,-16624,-604,2048,808,2259,5772,-16868,-3780,-2604,848,99,4839,-17168,-3740,2228,274,-2012,435
-9276,-1244,15212,-927,984,-488,-15504,-3676,-4672,-1014,2894,4959,-16204,-200,-2028,1219,2942,4234,-15136,-1588,-48,-610,832,6301,-14344,-3924,-3404,50,388,5236,-14496,-2696,3356,1805,-3143,-142
-8064,-3608,14452,1824,843,632,-13776,-4920,-7016,-1162,2089,4644,-14956,-3196,-3572,117,2421,3503,-13896,-4588,-992,-1262,1578,5837,-13088,-3484,-3996,-242,1600,4801,-13020,-2312,4032,582,-2427,-958
-8144,-1176,15824,4153,536,2168,-13660,-5756,-5344,514,2485,5355,-15152,-4892,-1056,2269,2591,3601,-14016,-6848,140,1337,2691,5067,-12920,-3012,-5432,1118,2058,3958,-12912,-2252,3064,-542,-765,-972
-8900,-536,15348,2428,1188,1413,-15460,-3276,-4084,1427,2330,5924,-15500,36,-896,2936,3250,4099,-15296,-2000,1020,3703,2503,4379,-15152,-2896,-5376,1191,2327,2778,-14820,-2520,2168,-804,345,-754
-8232,-1308,15448,2922,186,1617,-14624,-4604,-5492,1400,2745,5769,-15680,-1156,-2388,4302,2514,3874,-14944,-1900,-304,3458,1785,4208,-14992,-2884,-4436,1938,1475,2541,-15124,-2412,2144,-941,-148,-708
-9840,96,15268,296,-1114,642,-16308,-116,-4780,481,2233,5257,-15884,3260,-4040,1478,2954,3673,-15584,812,-2040,485,2430,4013,-15140,-856,-6060,1996,1767,2625,-15300,-2200,2404,766,-490,-714
-9044,-396,15448,-646,-32,-36,-15976,-1760,-5248,-2792,1086,3779,-16200,2928,-4604,-1227,2996,3298,-16116,1964,-2228,-1891,1797,3854,-15632,-1068,-6964,1900,2339,2612,-16260,-2204,2916,1603,-451,-635
-8836,-620,15392,-949,485,-41,-15344,-1760,-6252,-2310,827,2714,-16000,1044,-4580,-616,1911,2914,-15092,-1088,-2448,-1588,1309,3897,-14472,-1444,-6592,2316,1651,2785,-14852,-1628,2800,1749,-487,-1181
-8016,-88,15100,-205,-1188,358,-14972,-2372,-6380,-2522,672,2470,-15996,-720,-3968,-1017,2229,2579,-15660,-2596,-1784,-1491,2122,3208,-15108,-344,-4848,1356,2433,2264,-15424,-1980,2548,711,369,-1052
-7896,-424,15336,-825,-1582,594,-15252,-3000,-6720,-2274,32,2632,-16316,-488,-4524,-883,1867,2847,-15764,-1192,-1664,-1093,1575,2767,-15540,-900,-5996,-1178,1602,1385,-16080,-2280,2836,122,486,-470
-7860,-792,14768,-206,-1879,805,-14888,-1496,-5944,-1664,-171,2851,-15508,500,-2920,-788,1597,2812,-14740,-980,-1068,-1836,1760,2401,-14468,-1260,-6280,-2786,1888,794,-14576,-2184,3244,-676,307,-264
-8236,-1316,15004,732,-720,951,-13900,-3772,-6948,405,-15,3549,-15556,-2556,-3528,1122,1526,2643,-15076,-2476,-1468,-633,1459,1752,-14872,-1548,-5544,-3668,1359,706,-14704,-2144,2404,-1833,1658,-86
-8396,-812,15292,618,-463,1200,-15188,-712,-5584,1807,-98,3989,-15612,1936,-4328,3480,890,2935,-15020,120,-2484,1929,1843,1644,-14640,-2188,-5904,-1878,1224,692,-15144,-3200,2424,-2456,1932,-44
-9080,-204,15500,460,-200,921,-15592,432,-4844,389,-346,3369,-15572,3756,-3000,2551,783,2768,-15440,1772,-516,2485,2070,1720,-15376,-1168,-5708,-1433,2086,1216,-15172,-4004,2300,-2220,1842,248
-8580,60,15532,430,-648,644,-15344,-956,-4940,26,-11,2796,-15720,1260,-2720,1761,710,2455,-15568,388,-224,483,1227,1824,-15608,-444,-5172,-2138,1352,1563,-15752,-3900,2320,-1401,1104,589
-7620,292,15136,-13,21,365,-15484,144,-6040,-4,-218,2675,-15728,3664,-4268,387,1051,2326,-15380,1068,-1792,-1007,1376,1665,-15624,-1228,-5404,-2831,1467,1350,-15300,-3268,2496,-510,951,584
-8096,-356,15340,-435,668,-185,-15352,480,-5784,-2873,-412,1962,-15640,3464,-3228,-2273,1062,2532,-15524,1112,-1044,-2168,1245,1752,-15272,-2232,-5300,-2634,939,1187,-15144,-4000,1904,-1156,680,537
-8096,36,15432,-1237,826,-628,-15760,124,-3668,-4530,84,1839,-15788,2268,-2120,-2495,725,3163,-15464,-672,-384,-2883,919,1848,-15276,-2352,-5396,-1984,1152,1327,-15024,-4364,1332,-1174,781,681
-8744,-652,15436,12,886,-112,-14656,-1832,-6428,-1506,-477,2676,-15304,-2416,-6196,-306,804,2515,-14628,-3076,-4048,-1268,265,1554,-14280,-3376,-5640,-1417,92,1522,-15096,-4316,1480,-195,138,619
-8576,-176,15440,218,-231,191,-15016,428,-5864,1267,-673,2919,-15108,1396,-4504,2511,469,2848,-14796,-1224,-2344,2703,1551,1980,-14072,-4076,-6152,1195,1132,1523,-13428,-4620,1792,372,799,-142
-8280,-212,15220,87,-387,158,-15148,500,-4988,604,-829,3172,-15084,3324,-2916,2417,378,3142,-15012,204,-508,3379,1593,2197,-15220,-2992,-5548,2823,1754,1954,-14756,-4188,1040,-747,1646,-192
-8020,32,15364,-621,256,-81,-16624,828,-3912,-578,82,2959,-16404,4132,-2648,1960,645,3251,-16672,2000,-28,2320,969,2782,-16520,-1876,-5496,2765,1005,2308,-16200,-4624,504,-22,1588,-445
-8556,-516,15400,-155,341,-66,-15020,1824,-5972,184,-296,2697,-14696,3392,-5196,2206,464,2902,-14920,264,-3420,1537,-133,2861,-14408,-1072,-6196,3269,273,2933,-15452,-5212,1660,2165,-134,-515
-8416,-340,15556,-225,79,48,-15352,1432,-5396,-920,-195,2505,-15104,3108,-4632,1219,878,2877,-14696,1144,-2072,2016,998,2763,-14664,-560,-6396,2822,957,2677,-14292,-3448,1632,1022,416,-26
-8324,-288,15384,-355,158,-142,-15116,2024,-5168,-2290,-220,2359,-15164,3740,-3860,-319,997,3282,-15200,1372,-1512,-106,816,2795,-15540,144,-6120,1351,831,2410,-15904,-2788,1088,832,233,293
-7888,-628,15152,-393,777,-141,-15744,-368,-6396,-3040,-660,2756,-15844,1560,-5180,-1439,949,3368,-15532,160,-2256,-1994,584,2328,-15644,-456,-5856,-1554,-336,1749,-16056,-3428,1532,-280,-724,337
-8360,-592,15208,-243,758,53,-15180,1648,-5904,-1417,-1027,2985,-15012,4080,-4756,-102,753,3368,-14676,1452,-2764,-1055,741,2336,-14360,-1692,-6584,-1509,121,1732,-14596,-4768,1640,-967,-871,334
-8560,-588,15160,-385,1168,-60,-15312,2424,-4876,-2214,-936,2749,-14804,5004,-4324,-1119,908,3344,-15116,2340,-2044,-1232,925,2622,-15036,-764,-6084,-1610,704,2286,-15332,-5072,896,-2228,-777,1108
-8620,-464,15148,-316,1210,-111,-15552,1848,-4940,-3131,-1130,2443,-15184,4184,-4272,-1909,882,3383,-15312,1892,-2052,-2383,413,3038,-14968,-1300,-6764,-2509,497,2759,-15112,-4568,1060,-1232,-421,1481
-8256,-848,15240,-69,1355,-20,-15444,904,-5948,-1917,-1557,3004,-15748,1192,-5436,-552,565,3607,-14980,-1548,-3868,-1077,404,2811,-14532,-2728,-6736,-1776,665,2487,-15052,-4400,2672,-403,-220,1095
-8392,-732,15140,-197,1982,215,-15440,1840,-6084,-1322,-2377,3670,-15148,3048,-5344,433,192,4071,-14732,448,-3492,1154,1339,2740,-14344,-1696,-7108,-208,1377,1907,-14880,-4004,1272,-725,929,1288
-8508,-964,15036,142,1960,624,-15032,708,-5808,916,-2646,4642,-15280,108,-5096,3022,-457,4526,-14820,-1556,-3472,2251,1386,2457,-14676,-1328,-6980,-144,1881,1756,-14764,-4572,1372,1103,1591,993
-7908,-868,14784,-16,4257,824,-16528,2840,-5184,1822,-2717,5530,-15776,4244,-4280,3613,-220,5243,-15792,248,-2488,3201,2170,2125,-15760,-1632,-6412,448,1628,814,-15536,-2868,1604,427,2421,785
-8920,-484,14584,-160,6881,449,-16680,3604,-4128,-509,-2860,5937,-15368,5488,-3124,1683,128,5826,-15980,2012,-1248,2219,1910,2092,-16364,-440,-5632,658,1260,449,-16272,-3312,184,-1096,2652,378
-9024,-604,14232,219,9014,-254,-16732,3524,-4472,-1549,-2924,6208,-15688,6032,-4272,83,343,6288,-15868,2640,-2580,-308,1597,1987,-16200,20,-6100,-504,498,457,-16172,-5232,1436,-776,1070,129
-9584,-352,13852,916,11195,-102,-16816,4504,-4848,-3022,-3109,6249,-15592,6080,-4280,-1686,650,6574,-15784,1400,-2864,-1925,1310,1723,-15892,-1376,-6680,-1573,-24,296,-15104,-4672,1948,-1375,1776,178
-10488,-484,13440,1084,12803,-152,-16272,4380,-3740,-5701,-3463,6510,-14788,5044,-3080,-4318,1114,7316,-14940,516,-1644,-3058,1052,1227,-14768,-1704,-6600,-1897,402,-62,-15356,-4004,-384,-2492,3525,473
-10892,484,12496,341,13332,-1557,-16524,5444,-1740,-8188,-4025,7551,-14344,4720,-1284,-6092,1722,8976,-14408,-1496,416,-4664,582,-8,-14440,-896,-6524,-2724,-28,-1216,-14772,-3824,160,-114,2278,-72
-11080,-148,12244,-838,13642,-4063,-17512,5008,-896,-13749,-4396,8849,-15080,6144,1888,-12160,3437,11314,-15092,-2192,3536,-8507,-778,-1795,-14792,-1016,-5628,-3926,-2048,-3192,-13880,-2268,472,-422,1999,-460
-10212,-2324,12896,1496,14861,-3294,-18140,-2168,-4512,-16482,-4052,10899,-18568,1212,-1120,-16430,4853,12382,-17160,-2872,2020,-13850,-3875,-4751,-15892,-2508,-4656,-6273,-4196,-5316,-15284,-2208,280,-1222,3296,-1136
-9068,-644,11192,1939,22650,828,-22156,-812,-6168,-8757,-4842,13819,-20040,-1768,-608,-8451,3634,14103,-16056,-11492,936,-8881,-6303,-7397,-13816,-2404,-4308,-8250,-5282,-7316,-16880,-2948,1212,544,1314,-1412
-10744,-1464,12404,1424,32767,2699,-23084,1556,-5116,-7834,-4461,16710,-20076,4504,-1832,-5644,5175,14166,-17440,-4848,1184,-4256,-5057,-8992,-14324,-836,-4260,-7670,-5731,-10086,-14284,-784,2416,820,451,-827
-21848,-2808,15416,-5286,32767,813,-23548,5268,-4728,-5277,-3847,17742,-20080,9464,-4808,-471,5266,13144,-19884,-1424,-4712,-2261,-3367,-11033,-16612,-1652,-5088,-8020,-4162,-13891,-14740,-612,2348,-1752,2166,-786
-16644,-1500,11676,-5073,32767,6481,-15472,4032,-4224,-5251,-5009,12461,-14044,12600,-7712,1671,1124,10561,-20676,3316,-6340,473,-2130,-9610,-18180,-3000,-4432,-3807,-3582,-13511,-18020,-4964,572,-1353,1510,-1516
-18832,8276,11480,-10803,30127,11103,-9644,11344,1228,-1884,-5264,10843,-7664,15884,-8440,5037,-3246,4777,-17164,6884,-5424,584,-3190,-11061,-16960,-4348,-4532,981,-3909,-12197,-17664,-6688,1444,-109,-1561,-781
-18224,-6028,32767,-7327,-16041,12931,-2992,-1188,-3768,-3967,-2018,-1684,-2800,18332,-9052,377,-659,-291,-17684,6988,-3136,1855,957,-10034,-17940,-3668,-5308,1568,-2969,-10630,-16220,-5972,1304,-3,-1053,-190
252,-4620,12772,-393,-21344,11292,-5740,-7132,400,-3379,-900,-10517,-8800,14352,-4416,-3543,-3725,-9711,-17704,4916,-2284,2234,1775,-10915,-17604,-2824,-3436,2283,-100,-7794,-16796,-4600,1124,794,-814,-283
-8728,-6232,16896,1199,-30474,3891,-7064,-788,-716,-536,1617,-17422,-4904,9824,-1536,-4590,-6326,-15137,-15548,2548,-1388,4835,-1219,-12034,-16036,-3356,-3308,2040,190,-6191,-15704,-4288,1844,1907,-2269,-574
-15020,-3132,16172,1866,-32768,-2445,-10240,-2100,4,6768,3642,-23211,-6828,10160,-1680,2454,-7903,-20552,-14508,2248,-728,9378,-1295,-11726,-13400,-4544,-3420,2852,-78,-5109,-13920,-4600,1712,2162,-3402,-807
-9784,-636,6800,2509,-32768,-5656,-13944,-1852,-1796,11751,5488,-28003,-8892,10444,-668,6065,-8582,-23886,-14204,3052,1068,11082,-1703,-10199,-14212,-3476,-2752,2670,961,-3969,-13540,-4280,1884,1410,-2466,-423
-19040,3672,15028,-2734,-32768,-5585,-18696,6196,-1980,11237,6043,-30284,-10480,6632,2940,7061,-10592,-27575,-11488,4740,-1116,9328,-758,-6689,-12412,-3500,-4028,2134,-963,-2325,-13884,-4516,1504,1365,-1508,-66
-18200,-828,12148,-1712,-32192,-5936,-20436,4448,-1724,6641,6282,-31578,-11716,12084,-1748,2034,-6425,-29141,-12168,3776,568,4567,-2535,-4528,-12984,-3500,-4316,1413,-2410,-508,-14160,-3900,1532,1471,-728,-47
-20992,-2568,14968,-1384,-28842,-8342,-22684,3776,-3688,7998,7127,-30908,-13436,7572,-1336,1160,-7354,-28996,-12996,292,1804,317,-2345,-4152,-12556,-4196,-3864,-995,-1660,828,-13760,-3784,2088,682,-307,-77
-20432,-1012,11364,-2183,-26186,-10336,-24200,5444,-4060,11201,7231,-28951,-14756,3980,-1456,6688,-5844,-27141,-13704,-3696,1964,598,-1492,-2422,-13572,-5856,-3260,-1058,-907,1604,-14344,-4284,1488,-1991,1052,200
-26300,1620,17636,-4767,-27824,-10567,-23444,9660,-4416,7542,6305,-25996,-15700,7180,-1832,4345,-5445,-24825,-14632,-4580,1100,3528,-298,-2845,-14180,-7100,-2928,-651,-1403,1753,-14780,-5520,1288,-987,668,104
-19688,2696,10024,-2679,-24670,-5378,-21808,6788,-3724,2831,5445,-23070,-15900,3000,-1416,819,-4580,-21325,-14408,-5268,284,4799,-929,-3391,-13752,-7816,-3000,-271,-1754,1959,-14788,-5356,1184,-503,366,237
-16884,892,5544,-3119,-20048,-3007,-19852,7580,-1952,2025,5007,-17297,-15628,-32,-1028,1459,-2791,-15842,-14232,-7036,844,3389,97,-4286,-13804,-8328,-3120,-1037,-865,1561,-14476,-5160,1784,-371,467,97
-19548,1684,5404,-2301,-15129,-2198,-18000,8876,-1916,712,2939,-10849,-14904,-932,-896,-588,-1378,-9782,-15120,-9912,-656,4911,189,-5007,-13924,-7680,-2964,-172,864,585,-15144,-5188,1288,50,372,-82
-14068,4488,2048,-2471,-8215,463,-15760,7200,-2064,-2610,1497,-4461,-14232,-392,-2128,-1525,-223,-3523,-12116,-5812,984,3930,-3439,-824,-13860,-7380,-2824,959,1458,298,-14988,-5092,1256,81,539,-219
-13044,492,5920,-1324,-2056,4342,-15288,5060,-2144,-3275,476,903,-13784,-536,-1652,-648,1333,1357,-11824,-3716,1104,2103,298,2595,-12724,-6620,-2904,1463,1880,976,-14244,-6200,1340,-16,719,-572
-10208,-4080,7156,1099,3546,4136,-14564,2512,-2200,-1519,243,4480,-13888,1584,-1100,882,2359,4036,-13224,-816,1324,347,2082,4760,-13360,-5804,-1416,964,1792,2726,-14220,-7048,868,-480,1303,-456
7700,3012,21592,2221,1453,-965,-14776,-27804,-3816,-2476,462,-537,-18996,2172,2472,-612,1857,1598,-17288,1768,3880,-33,2796,7452,-15768,-4472,-2492,163,1359,5142,-15484,-6852,912,914,2075,-15
-3400,6452,13304,3832,8769,3991,-19160,-5368,1052,-5107,2068,1029,-19168,-9652,3096,544,1301,1258,-17744,-15044,4764,-3013,903,3183,-18872,-3668,-2944,-1208,1794,6423,-18888,-2908,644,633,242,1549
-4464,-1476,17312,556,12966,4865,-14452,-8448,-3284,-2364,1582,1904,-15992,-5880,828,2832,863,1924,-16132,-6896,2924,922,264,3608,-17712,-6992,-400,237,-830,2968,-16856,-1060,1988,46,-2231,1633
-8848,-4868,21728,-2022,15009,845,-16520,-4384,-5960,-261,1719,3680,-17316,-4236,-2300,2325,1883,2880,-15260,-6652,-1668,-974,576,3547,-14016,-6144,-3084,-2552,-502,1008,-18188,-4664,5812,-235,-5365,-203
-9004,-1708,19376,-2326,10305,636,-18592,-4468,-4624,-2599,555,5155,-18672,-308,-1080,-90,2934,3955,-17904,-3732,908,511,2285,3886,-17368,-4364,-4868,-2117,892,2366,-16936,-5368,1768,-33,-2081,-291
-8524,-792,18588,-465,7892,485,-15648,-4804,-4652,-1501,1370,5237,-16804,-1584,-1720,1760,2677,4296,-16176,-2548,-52,-771,169,4065,-16848,-5272,-4340,-527,-55,2039,-17592,-5292,2104,1346,-3020,-231
-8652,-1160,18736,-265,7881,219,-15548,-2832,-4292,216,1482,4843,-15556,1404,-2076,2471,2528,3803,-14300,-1748,-592,1511,581,4947,-13168,-5388,-4812,681,521,4101,-13532,-5820,2004,1797,-3146,119
-7376,-1968,16384,-304,4544,96,-15476,-4028,-4576,-612,1555,3846,-15980,400,-3056,2224,2531,3164,-14436,-916,-1052,1981,2091,5173,-13704,-3680,-4036,1731,1671,5284,-13444,-4364,1616,950,-729,852
-8176,-440,16816,-331,3149,-111,-14724,-3552,-4456,0,1563,3291,-15420,-584,-888,2170,2409,2854,-14820,-2756,1172,1756,2224,5444,-14236,-2884,-4324,2160,1812,5465,-14312,-3064,3088,1140,-361,980
-6500,-1412,15340,-607,3220,-583,-14540,-5668,-3844,-581,1903,3577,-16132,-3092,-120,1620,2721,2941,-15416,-4656,1468,1374,1953,4831,-14992,-3632,-3656,1738,2332,4549,-14528,-2128,2340,329,-382,824
-6908,-1516,15432,-81,3220,-497,-15124,-5084,-4956,710,1969,4500,-15932,-2404,-1788,2799,2381,3494,-15248,-4408,252,2409,1188,4491,-15376,-3056,-3132,1076,1450,3161,-15320,-1580,2600,847,-1429,464
-6688,-2556,15212,1464,3846,396,-13784,-5184,-7396,382,1633,5035,-15376,-4032,-3048,2583,1466,3468,-14880,-4012,-672,1453,1489,3877,-14192,-1740,-4488,162,1466,2223,-14800,-2168,3364,-842,-1817,373
-8772,-348,16740,2516,5231,1121,-14384,-3260,-4972,2158,1729,5574,-15228,-596,-2368,3520,1937,3540,-14380,-2952,-796,3944,1650,2922,-14256,-2104,-5664,52,1476,1622,-13508,-2636,3200,-487,-284,208
-9032,-560,16412,1707,3641,820,-15372,-1576,-4884,-30,1292,5031,-15360,1960,-2436,1627,1999,3303,-15596,908,40,2681,1982,2677,-15356,-2620,-5100,1584,1967,1582,-15980,-3208,2348,-937,299,274
-9212,-44,16388,1155,2026,760,-15328,-2612,-5108,117,1610,4262,-15808,1332,-3792,2106,1579,3105,-15156,256,-1292,2339,1283,2909,-15356,-1460,-5032,2726,1344,2046,-15340,-2724,2360,1031,-1115,422
-8936,-340,15468,670,854,657,-14804,-1620,-5560,418,1462,3460,-15440,2616,-3128,1906,1639,2433,-15060,788,-988,1382,1496,2965,-14620,-872,-5732,2618,1839,2489,-14816,-2020,2944,1533,-1088,248
-9092,80,15816,-308,266,143,-15772,-1124,-5632,-874,1331,2590,-16076,1892,-3924,312,1987,2126,-15840,40,-1688,-462,1610,2940,-15444,-956,-5988,1992,1899,2240,-15644,-2396,2636,702,-770,111
-8520,-576,15204,-846,-144,-230,-15324,-1864,-5880,-1515,831,2115,-16096,344,-4276,-339,1657,2221,-15616,-1140,-2056,-1177,1159,2771,-15240,-1892,-5312,71,1304,1918,-16016,-3180,2348,-191,-1055,-22
-8488,-552,15308,-1227,-801,-580,-15160,-1820,-6288,-1895,89,2259,-16116,-716,-3652,-1037,1567,2518,-15540,-2132,-1440,-2453,1393,2640,-15032,-2024,-5376,-1738,1725,1339,-15320,-3492,2988,519,-973,-145
-7704,-1436,14532,-271,2,12,-14844,-2376,-5932,-2612,-154,2714,-16004,-1192,-2992,-1818,1601,2914,-15340,-2368,-688,-3002,1309,2241,-14832,-2776,-5956,-2524,1527,1104,-14888,-3836,2656,-857,758,253
-7596,-964,15092,22,728,251,-14984,-1796,-6072,-1941,-508,3071,-15600,496,-4212,-831,1389,3249,-15152,-1812,-2496,-2688,1433,1787,-14888,-3260,-5000,-1436,1651,929,-14976,-3780,2468,-987,1135,481
-8376,-864,15384,-393,657,84,-15956,-512,-5956,-3856,-1256,2860,-16256,1780,-4096,-2795,1466,3589,-15736,124,-1424,-1950,1967,1336,-15272,-2424,-5728,-1557,1589,641,-15648,-4072,2804,-356,853,340
-8504,-736,15136,-106,619,383,-14420,-1804,-4912,-3322,-1050,2913,-15208,140,-2128,-2363,1131,3490,-14960,-1488,108,-2437,1409,1632,-14588,-2524,-5496,-2092,1506,801,-14436,-3276,2184,-68,981,222
-8500,-824,15220,120,331,295,-15536,-652,-5436,-1827,-941,3200,-15728,2328,-3632,-532,1237,3478,-15436,456,-1132,-1643,1516,1863,-15248,-2068,-5056,-1755,1596,1135,-15284,-3912,2136,-1385,1765,441
-8504,-1032,15308,22,205,166,-15256,172,-5788,-2627,-962,2606,-15544,3540,-3896,-1518,1098,3086,-15416,1536,-1472,-1298,1268,2130,-14976,-2260,-5552,-1635,1116,1474,-15428,-4424,1388,-426,642,508
-8412,-1068,15144,252,182,298,-15212,-788,-5396,-1577,-540,2316,-15476,1812,-3716,-402,767,2799,-15260,-28,-1248,-1351,996,2641,-14872,-2420,-5652,-1435,1203,2151,-14360,-4324,1540,-1063,660,719
-8716,-772,15148,334,248,338,-15264,208,-5584,-1190,-664,2330,-15512,2028,-3560,-145,773,2689,-15412,-704,-1600,-450,622,2705,-14988,-3244,-4952,-871,778,2412,-14984,-4256,1308,-619,578,710
-8520,-860,15432,1009,-101,636,-14988,-1480,-5068,-97,-368,3007,-15676,-840,-3092,1741,377,3014,-15092,-2552,-1104,2986,760,2541,-14580,-3268,-4964,70,673,2470,-14648,-3152,1428,-917,133,456
-8672,-532,15176,564,-224,408,-15928,1416,-4944,1023,-534,3334,-15736,4792,-3864,2999,709,3323,-15868,1944,-1320,4169,1426,2851,-15572,-2376,-5928,672,753,2635,-15424,-3544,1756,-1260,-15,73
-8424,-456,15348,259,-345,124,-15264,984,-5088,-2001,-429,2907,-15400,3324,-3664,-536,872,3247,-15456,1436,-728,-94,441,3358,-14876,-992,-6308,137,175,3041,-15024,-4500,956,-2669,-652,24
-8672,-740,15228,-27,-149,-26,-15564,700,-5592,-2413,-765,3099,-15412,2396,-4580,-1248,875,3743,-15112,-196,-2628,-1754,156,3224,-14920,-1088,-6452,-1242,325,3103,-15604,-4508,1624,-1614,-996,708
-8180,-1108,15120,314,-244,219,-15320,580,-6392,-2402,-1351,3062,-15636,2244,-5572,-1200,702,3782,-14856,92,-3580,-1350,534,3292,-14360,-2232,-6388,-945,-28,2801,-15068,-3748,2132,-565,-1278,727
-8208,-608,15464,207,-699,530,-15080,1080,-5480,-2713,-1570,3078,-15084,3100,-4252,-1352,736,4041,-15020,464,-1924,-895,845,3477,-15172,-1440,-6248,-1037,1064,2712,-14400,-3824,1500,-1363,-265,342
-8124,-812,15012,77,-374,553,-16004,524,-5808,-3604,-2062,3432,-16056,1736,-4864,-1779,736,4498,-15616,-784,-2596,-1993,706,3455,-14948,-2184,-6200,-2595,635,2593,-15668,-4272,2016,-1739,237,234
-7484,-1032,15296,-69,-365,981,-15108,140,-6084,-2280,-2578,4390,-15368,-204,-5340,-510,118,5076,-14400,-2364,-3820,-1143,852,3116,-13988,-2992,-6496,-3006,537,1953,-14096,-4536,2448,-2722,1194,-14
-7828,-996,15364,-307,360,1220,-15840,1428,-5852,-829,-3222,5360,-15476,2852,-4876,1349,349,5632,-14944,-108,-3208,966,2376,2983,-14580,-2636,-6960,-1507,1376,1287,-14668,-5536,1720,-2570,3170,257
-8952,-336,15552,-558,2799,918,-16244,3312,-4064,-2004,-3876,5414,-15208,6084,-3820,620,-43,6192,-15576,2984,-1904,1150,2121,3235,-15440,-784,-6636,320,1835,1584,-15752,-4388,1124,-809,3740,604
-8300,-844,14924,-393,4586,911,-16208,2288,-4532,-2311,-3639,5350,-15528,4172,-4352,-209,-256,6113,-15600,1744,-2540,-17,1217,3266,-15988,-584,-6480,1239,1282,2020,-15768,-3804,1640,1354,4635,535
-8644,-492,15120,-782,8062,261,-17640,3212,-3060,-2237,-4088,5628,-16168,6092,-2760,-894,-52,6462,-16476,1716,-968,-205,1411,2949,-16576,344,-6252,733,664,1163,-16816,-2288,1644,1884,4915,597
-8796,-540,14344,-771,10532,-476,-16776,2180,-2968,-3485,-4245,6284,-15720,3540,-2412,-2282,-412,7099,-15736,1188,-816,-1576,839,2064,-16244,480,-5732,-1201,-349,119,-17284,-2160,1260,84,2388,521
-9644,-952,13968,-150,12942,-875,-16580,3044,-3484,-2843,-4594,7402,-14952,4484,-2056,-1431,-171,8216,-15360,972,-228,-2592,809,297,-15740,576,-6328,-2664,-601,-570,-16192,-2968,1664,542,747,-10
-10596,-572,13576,509,14633,-739,-16848,4224,-2804,-5000,-4357,8249,-15060,5944,-1120,-3996,750,8987,-15368,0,300,-4321,177,-934,-15272,-420,-5644,-3982,-1093,-1762,-15880,-3184,1420,25,-357,44
-11184,-952,13020,631,15446,-900,-16340,2900,-2096,-6225,-4273,9205,-14452,4796,-932,-5171,940,9992,-14688,-1052,184,-3366,-1110,-2042,-14816,-668,-5316,-4922,-1938,-2923,-14796,-2880,1252,-1289,86,-126
-11780,-1052,12304,666,16834,-2584,-16904,3700,-2412,-5566,-3809,10082,-14588,6404,-1428,-3974,1630,10595,-14956,-816,-84,-454,-2308,-3184,-14592,-1136,-4688,-4313,-1621,-3458,-14720,-2756,1572,-567,114,-351
-12608,-956,12528,1452,18851,-1132,-16888,4716,-2360,-6049,-3938,10582,-14488,7208,-1196,-4422,2143,10885,-15612,440,856,-3402,-3456,-3854,-14524,-652,-4672,-3759,-2617,-4016,-14924,-2860,1824,276,476,-645
-12688,-1492,11200,1250,22811,1445,-17872,3880,-3704,-6424,-3307,11427,-15488,6188,-2840,-4297,2786,10663,-16168,-1744,-924,-4364,-3877,-5012,-14816,-360,-5036,-3659,-2551,-5134,-14660,-2504,1788,-86,367,-304
-15664,-792,11404,-640,28202,2379,-18768,5124,-2952,-5883,-3856,12135,-16380,7368,-3656,-3451,3234,10806,-16264,-2136,-1844,-2943,-3709,-5738,-14360,-1280,-5348,-4769,-3028,-6836,-14932,-1888,1888,-594,938,-16
-16860,-1488,10096,-2651,28689,3291,-18472,4508,-3268,-4358,-3892,12426,-16268,7340,-5460,-1012,2419,10606,-17016,-1196,-3236,-972,-2622,-6294,-15484,-2164,-4944,-3525,-1837,-8532,-15920,-2280,1960,-281,1115,-205
-19136,-648,9020,-3042,32199,5245,-16396,5092,-3572,-983,-3040,10966,-14404,11308,-5944,1313,1416,9605,-17032,184,-2228,-812,-1602,-7098,-16120,-1596,-3960,-2169,-2434,-9420,-16104,-2780,2636,-111,347,-30
-21952,1736,8220,-1289,23628,10064,-14004,10024,-856,-3210,-4553,10113,-10476,13356,-7000,2279,145,8010,-17580,3100,-3412,1269,-1113,-7548,-16268,-1748,-4608,-1426,-2811,-9896,-15312,-3240,2604,212,279,-413
-25376,-8960,25708,-10429,-6664,11623,-5916,-432,-3612,-3942,-3590,3518,-6072,14920,-6816,1586,-1305,4419,-17492,5744,-3080,1632,-54,-7138,-17276,-3180,-4388,-1133,-1995,-9137,-16940,-4152,1692,-889,1180,-188
-4828,-1240,15508,-2035,-18965,14405,-8812,-5464,-44,-6667,-1432,-4906,-9268,14300,-4220,-4148,-636,-4709,-17872,4008,-1228,1601,388,-8245,-17808,-3616,-3964,664,-1426,-7630,-18172,-4780,644,-842,167,25
-3816,-7376,15676,-3143,-23474,7631,-7504,-2840,-792,-3989,528,-11750,-7836,11220,-2276,-4656,-3878,-10222,-16972,2256,-1088,2282,-1219,-10138,-16464,-3720,-4600,2464,-1012,-5972,-15756,-4312,2540,2557,-2592,-49
-13872,-4444,21100,2371,-28457,-232,-10376,-1560,520,1641,2272,-18114,-8028,11360,-2672,-3053,-5781,-15675,-15804,1384,-1568,5808,-829,-9692,-15140,-1844,-2992,3534,274,-5245,-14952,-4076,2568,2303,-2277,-288
-6800,-1252,7960,2728,-31115,-4477,-12992,-3140,-1700,5774,4146,-23003,-9960,8764,-324,1775,-6474,-20102,-15564,2196,-332,9169,-1376,-10058,-14844,-3140,-3732,3728,1003,-4311,-15196,-3256,1584,2247,-1496,-154
-16244,4020,17424,-1879,-30277,-3165,-15924,4300,-2088,8508,6239,-25949,-9896,11144,-1932,6609,-8038,-23314,-14968,1776,556,9514,-1965,-8695,-14904,-1788,-3384,3366,-269,-3340,-14700,-3624,2568,1867,-1671,-261
-15768,108,12676,-666,-30501,-1887,-19500,4528,-1016,5117,6551,-28056,-11728,12036,-1364,2432,-6039,-25540,-14052,3372,1208,8530,-2638,-7886,-14416,-3444,-3832,2083,-735,-2036,-15036,-4492,2544,2376,-1854,-125
-16604,-5396,11876,-119,-27766,-5284,-20452,2296,-2204,7195,7859,-27505,-12864,8076,-732,1813,-6361,-26944,-14148,1032,1664,3655,-2913,-6516,-13456,-3352,-3496,105,-1422,-912,-14208,-3556,2476,1639,-877,145
-14800,-4296,7548,2891,-20543,-11387,-22360,2560,-1848,14718,8324,-25607,-14632,4424,-944,9933,-5388,-25796,-13740,-1684,1972,5197,-2116,-5536,-13848,-4788,-3208,-281,-837,395,-14420,-3560,1920,1112,-314,172
-13480,-2016,7000,4435,-8856,-14530,-21956,4156,-4164,17535,7899,-24234,-14464,9356,-1548,12628,-6628,-24855,-13784,-700,2440,6442,-946,-2811,-14052,-5668,-3144,2359,-1248,1403,-14904,-4312,1884,740,-85,218
-22556,3640,13604,1678,-2813,-12962,-22072,10660,-5212,12042,7307,-23921,-13956,7204,-2192,7546,-5721,-23060,-13256,-1168,1192,6509,-1192,-929,-13560,-5588,-2928,1699,-1479,2043,-14072,-4684,2180,-183,-281,17
-26692,5504,9876,-254,-4291,-8529,-22036,11648,-2276,3555,5068,-20494,-15864,3204,-1996,2791,-3960,-19120,-14340,-4452,848,2913,-59,-3287,-13388,-6040,-2992,-508,-586,2054,-13356,-4756,2240,-1075,31,-271
-25984,5328,8628,1014,-11619,-2028,-18900,12336,-3088,680,4587,-13128,-15236,972,-2268,507,-1707,-12698,-13780,-6948,152,-1402,1746,-5036,-13500,-6604,-2908,-871,-113,1360,-14440,-4480,2288,-627,1151,-467
-15924,7088,-2168,-3780,-7470,2606,-16840,8184,-1620,-3361,1936,-7967,-14164,1888,-1636,-4022,-288,-7097,-14564,-7228,-1172,202,656,-2215,-14600,-6336,-3696,-980,-186,418,-15240,-3820,2376,-811,1093,-212
-18600,4124,4260,-3659,-5299,7827,-16600,7764,-1312,-7241,1547,-1704,-15168,-1192,-1800,-4382,1348,-746,-14288,-7836,-348,696,-2481,-1072,-13524,-5884,-3668,-2447,826,-284,-14620,-4508,1868,-2047,1344,-211
-16192,2284,9692,-5930,-530,7201,-16264,2396,-48,-6060,-1289,2322,-15136,164,-40,-4870,1489,2080,-12376,-1776,2420,-773,-697,2665,-13688,-6492,-3452,-2293,2253,276,-15020,-5668,1832,-1843,1606,-386
524,-4732,13088,724,-6533,4962,-16304,-12984,-2120,-1787,916,3080,-15508,1240,-1528,10,2267,4054,-13688,-1132,696,-1154,2014,4603,-15004,-6524,-1876,-1394,1533,1928,-15048,-6804,1264,-1316,1945,-135
-5664,-4684,12688,393,14194,2431,-11992,-6684,-10096,98,2453,-371,-17588,-6820,7924,1115,-55,-19,-21020,-9100,8980,776,896,3607,-18384,-4312,-1708,380,616,4425,-18544,-5508,624,-990,2216,1128
-13624,3840,20056,-1600,7392,-406,-18652,-4732,-1948,120,1799,2443,-18640,-2956,-1020,4791,-178,2314,-16636,-10256,1004,3004,-55,3250,-18732,-5272,-2476,-999,1126,4510,-18804,-2372,2404,-341,-1269,1790
-11252,-3752,16892,-1890,301,-783,-16596,-2444,-5660,-934,948,3771,-17152,-288,-2256,4251,1895,3879,-16720,-1752,448,3504,1195,4236,-17024,-7836,-1472,-1547,-651,1746,-18112,-2624,2424,20,-3806,998
-9180,-612,15284,-104,-290,43,-14952,-3948,-5280,-1083,507,3649,-15268,-712,-2648,1261,1407,3062,-14884,-3300,-540,700,6,3988,-13612,-5048,-3528,-699,-78,2484,-13768,-4672,3608,767,-4812,-445
-7600,480,15328,803,-1220,632,-14176,-5140,-3552,-1200,972,3135,-14940,-64,-44,978,2001,2538,-13464,-2700,2076,99,1738,4009,-12420,-3876,-4660,-703,1345,3566,-12008,-6336,2584,197,-1677,-741
-8908,-308,15916,136,-2445,534,-14940,-3812,-3368,-398,2115,2959,-15548,-708,-148,2224,2420,2586,-15028,-3964,1856,1330,2015,4105,-14692,-5012,-3452,1724,976,4242,-15040,-5400,1700,1429,-628,-198
-7964,188,16436,653,-2278,739,-14780,-4048,-5464,-486,2230,2875,-16036,-1132,-1676,2291,1976,2263,-15776,-3376,16,2393,1461,4263,-15540,-5000,-3988,3827,1204,4108,-15888,-2828,3080,2874,-396,-5
-8508,-128,15744,-124,-1004,347,-16240,-3420,-5160,360,1840,3089,-16692,128,-3008,2778,2065,2521,-15724,-2360,-600,2387,1915,4337,-15052,-2424,-4824,2049,1092,3654,-15544,-2508,3136,1596,-64,-458
-8312,380,16232,-787,376,291,-14996,-3272,-4152,-264,1051,3182,-15896,-788,-1012,725,1883,2430,-15280,-3024,644,84,1507,3891,-14452,-1560,-4248,199,1671,3199,-14352,-3404,2856,789,-223,-563
-7272,-568,15296,18,-286,416,-14580,-4276,-4952,-447,1336,3539,-15728,-1944,-1560,30,1640,2478,-14740,-3244,456,-672,1250,3269,-14644,-2716,-4164,-89,1516,2683,-14252,-3576,2920,951,275,-225
-7876,-476,15492,-591,693,117,-15152,-3332,-4664,490,1152,4052,-15960,-1396,-1036,1082,1341,3305,-14556,-4552,664,359,1605,3136,-14508,-4308,-4044,561,1639,2180,-14680,-2664,2448,1421,460,-277
-7256,-852,15316,-283,-502,336,-14392,-4040,-5144,143,1521,4380,-15252,-524,-2136,2072,1909,2930,-15212,-2504,212,2548,1674,2293,-14848,-2716,-4616,2283,1792,1495,-14792,-1792,2680,1709,180,-381
-7496,-508,15064,-40,-1692,526,-14692,-2788,-4980,967,2116,3738,-15368,1624,-2696,3248,1833,2499,-14668,392,-528,2985,1643,2470,-14636,-1724,-5388,3253,1595,1586,-14572,-1592,2452,1362,143,-738
-8256,172,15980,-379,-494,463,-16072,-896,-4364,184,2014,3151,-16104,3088,-2908,1618,2192,2090,-15924,184,-512,944,2012,2353,-15676,-928,-5820,2397,1780,1410,-15920,-2120,2084,731,-102,-781
-7832,-120,15588,-343,-91,158,-15352,-1884,-5104,-1003,1743,2502,-15892,1432,-3132,227,2170,1896,-15988,-328,-988,-989,1154,2070,-15724,-820,-5596,893,1212,1334,-16364,-2452,2004,305,-513,-321
-7852,-328,15744,-209,-22,115,-15532,-1596,-5692,-913,1481,2130,-15964,1512,-4004,173,1675,1642,-15256,-1032,-1952,-670,788,2123,-15000,-1984,-5700,231,707,1273,-15712,-2424,2144,461,-1053,-210
-7784,-260,15900,-160,-150,157,-15052,-1824,-5380,-1254,1271,1695,-16028,824,-3592,-141,1644,1332,-15336,-1004,-1352,-279,1158,1959,-15020,-2340,-5804,153,972,1296,-15136,-2820,2168,-266,-725,-165
-7668,-668,15668,346,-692,334,-15320,-2260,-6340,-199,797,1678,-16248,-692,-4656,1153,992,1291,-15388,-2292,-2900,-295,1040,1753,-15096,-2516,-5740,112,1283,1229,-15704,-3612,3128,191,141,-219
-7808,-144,15724,171,-456,308,-15204,-976,-5664,-451,260,1603,-15820,1048,-3356,520,826,1552,-15396,-1716,-1176,1043,1039,1390,-14804,-2384,-6452,-386,1108,1116,-15076,-3876,2244,-296,983,144
-7464,-388,15416,177,-329,392,-14980,-2156,-5224,-796,115,1683,-15900,64,-3308,508,766,1631,-15320,-1572,-1244,329,1034,1262,-14960,-2372,-5768,-868,1487,957,-15504,-3748,1836,-381,1482,816
-7424,-288,15512,30,-151,268,-15132,-960,-5888,-618,-236,1583,-15828,2056,-3992,672,585,1779,-15672,-388,-1784,19,860,1277,-15268,-2720,-6164,-710,1256,948,-15088,-3120,2260,-255,1764,892
-7460,-364,15688,-13,-121,390,-15468,-1060,-5512,-1427,-289,1204,-15988,1292,-3992,-296,437,1582,-15292,-924,-1436,-646,972,1206,-15056,-2500,-5856,-523,1810,825,-15388,-3212,2316,705,1891,709
-7500,-472,15384,-65,17,388,-15180,-1348,-5584,-1404,-664,1133,-15708,1524,-3276,-106,278,1518,-15512,-824,-932,-124,985,1228,-15332,-2416,-5372,-622,1214,707,-15288,-3148,1664,162,1841,512
-7736,-108,15692,-194,220,234,-15640,-548,-5144,-1289,-767,1035,-15948,1888,-3516,-333,153,1546,-15660,-448,-1260,175,863,1117,-15524,-2860,-5560,-1296,1014,403,-15216,-2632,1384,-508,1906,96
-7544,-344,15520,-179,226,172,-14964,-848,-5368,-1750,-949,878,-15524,2460,-3108,-982,59,1482,-15528,196,-1104,-1153,666,1391,-15060,-2828,-5860,-1004,780,513,-15424,-2772,1200,-274,1291,-654
-7656,-260,15660,-28,12,159,-15604,-1064,-5332,-1991,-911,826,-16016,1100,-3112,-1404,41,1550,-15692,-1124,-1164,-1890,276,1591,-15268,-2108,-5576,-1057,38,793,-15320,-4344,1032,-1288,1010,-847
-7712,-332,15652,139,49,134,-15400,-1008,-5504,-1216,-1031,901,-16024,1724,-4052,-168,-84,1514,-15496,-692,-2352,-1,300,1519,-15224,-1764,-5692,-1734,170,1031,-15944,-4216,1888,-1972,1425,-384
-7552,-492,15656,181,78,152,-15280,-564,-5336,-774,-1469,487,-15476,3456,-4156,944,-525,1175,-15292,1724,-2196,1122,162,1754,-14772,-2116,-6436,-234,550,1803,-15348,-3952,2116,-570,1488,81
-7484,-328,15680,140,66,389,-15672,-472,-5308,452,-1161,-177,-15624,2980,-3628,1946,-930,560,-15252,700,-1560,1898,190,1995,-14720,-1484,-6500,148,1224,2355,-15104,-3080,1812,444,2205,185
-7516,-376,15572,107,-263,397,-14736,-1380,-4428,-53,-809,-282,-15680,1048,-2068,1257,-869,410,-15604,-476,-108,1147,-156,1683,-15472,-504,-5076,-414,881,2028,-14928,-2636,1024,-1352,2636,772
-7792,-144,15812,118,88,440,-15120,-620,-4992,413,-793,-44,-15424,1920,-2660,1512,-830,373,-15088,-64,-752,1692,-352,1319,-15304,-540,-4788,-2179,-426,1440,-15732,-2320,1096,-469,1488,1019
-7652,-352,15592,41,78,419,-15504,-472,-4524,277,-321,-149,-15312,2772,-2920,1476,-481,190,-15456,1028,-144,1633,-206,1272,-15224,-1492,-5244,-1676,-336,1049,-15300,-1816,1712,-1327,345,543
-7760,-196,15788,78,-137,219,-15408,-460,-4908,-51,-280,-331,-15624,2344,-3044,758,-529,160,-15376,276,-896,758,-270,829,-15312,-888,-5544,140,55,1005,-15992,-2800,1800,-1385,-120,300
-7664,-208,15916,98,-162,268,-15116,-660,-4944,-857,-350,-290,-15652,1696,-2976,31,-377,164,-15536,-132,-1256,243,-350,459,-15220,-892,-5596,-470,-195,693,-15888,-3560,1440,-719,-650,142
-7644,-212,15820,127,39,116,-15692,-664,-4600,-96,-461,-205,-15804,2152,-2960,441,-471,255,-15536,472,-928,632,-280,296,-15460,-752,-5664,-1262,-232,372,-15672,-3200,2292,-134,-869,17
-7776,44,15996,63,79,-59,-15180,-200,-4488,-269,-404,-331,-15316,2192,-2424,-739,-392,276,-15132,204,-584,-622,-268,-70,-15064,-860,-5300,-1423,-375,-71,-15248,-2540,1476,-1088,-580,79
-7632,-288,15724,342,-14,-153,-15404,-1100,-4788,-1500,-663,57,-15844,1080,-2600,-1288,-127,613,-15532,-660,-888,-991,-239,-422,-15316,-1692,-5156,-2083,-659,-466,-15192,-3416,1476,-1729,-203,28
-7564,-400,15668,187,3,-176,-15544,-764,-4624,-934,-710,210,-15708,2404,-3000,-387,-286,733,-15352,260,-1124,-269,-235,-316,-15068,-2296,-5452,-1873,-552,-476,-15160,-4488,1380,-1263,-375,-123
-8032,60,16012,305,42,-49,-15680,-556,-4572,-640,-537,-9,-15684,2448,-2960,-174,-175,405,-15492,588,-848,386,-128,-91,-15228,-1892,-5140,-827,-362,-55,-15220,-4588,1348,-1460,-130,4
-7504,-332,15628,313,77,-36,-15468,-664,-4568,-465,-504,-199,-15648,2784,-2840,355,-340,296,-15524,728,-736,474,-306,166,-15224,-2256,-5052,-496,-267,382,-15428,-4576,1292,-743,-126,30
-7660,-128,15800,304,93,7,-15620,-708,-4572,-396,-358,-302,-15896,1968,-2808,463,-357,185,-15500,-76,-1016,779,-384,346,-15308,-2020,-5252,-16,-127,598,-15252,-4276,1600,-21,-115,-26
-7452,-388,15660,426,4,152,-15484,-844,-4708,285,-413,-114,-15744,1660,-3120,1413,-508,164,-15332,-488,-1152,1586,-318,306,-14976,-2196,-5344,167,-211,569,-15264,-4028,1608,230,130,-58
-7268,-140,15692,271,-66,181,-15308,-552,-4552,-377,-380,-193,-15540,2452,-2740,631,-354,144,-15472,496,-452,1166,-73,322,-15332,-1796,-5244,325,17,361,-14864,-3788,1792,228,410,-209
-7696,-144,15760,409,-27,190,-15612,-872,-4472,-505,-322,-77,-15772,2052,-2832,613,-370,193,-15476,160,-784,831,-137,235,-15292,-1568,-4992,-3,49,265,-15416,-3872,1460,103,251,-265
-7688,-248,15740,187,-87,209,-15300,-916,-4248,-344,-257,25,-15424,1852,-2276,719,-384,228,-15228,-140,-480,963,-181,181,-15228,-1448,-4984,-42,-117,183,-14820,-3744,1536,87,234,-278
-7544,104,15880,183,49,218,-15496,-604,-4808,120,-92,125,-15684,2340,-2920,1184,-276,258,-15508,584,-1000,1444,-106,117,-15460,-1724,-5132,44,-75,148,-15284,-3792,1664,-376,536,-254
-7692,-44,15752,330,232,78,-15628,-20,-4228,-463,-377,-133,-15544,3272,-3116,325,-351,170,-15320,1192,-880,731,-67,167,-15224,-1224,-5308,108,173,213,-15624,-4044,1452,27,161,-284
-7460,-396,15680,182,212,142,-15352,-1136,-4808,-965,-220,-262,-15664,2032,-3048,-432,-209,45,-15396,512,-644,-188,-223,54,-15348,-1028,-4796,-761,-113,222,-15148,-3780,1376,-122,138,-145
-7592,-132,15544,286,160,207,-15576,-688,-4372,-206,-218,-262,-15656,2520,-2980,578,-330,-84,-15256,340,-1016,832,-128,63,-15044,-1944,-5168,-763,-163,213,-15312,-3780,1668,-24,-32,-47
-7720,-76,15724,20,34,192,-15388,-776,-4184,36,-177,-340,-15372,2224,-2412,790,-423,-131,-15224,192,-476,1118,-242,83,-15260,-1348,-4856,132,42,275,-15152,-3860,1536,-191,236,-8
-7524,-140,15612,79,537,126,-15640,-976,-4312,446,-42,-180,-16016,1916,-2896,1111,-413,-34,-15596,-132,-952,1165,-214,-30,-15476,-1552,-4880,-729,-189,128,-15576,-3980,1404,-310,107,30
-7712,-176,15348,-62,108,115,-15460,-148,-4140,99,-240,-215,-15276,2952,-2724,638,-401,1,-15080,572,-800,750,-234,-61,-14928,-1796,-5296,-671,-184,31,-14812,-4348,1496,233,-89,-85
-7592,-148,15688,85,349,125,-15748,-868,-4332,-453,-136,-256,-15888,2068,-2764,443,-264,-47,-15716,288,-632,721,-113,-36,-15500,-1744,-4876,-442,-7,198,-15400,-4364,1268,-91,42,268
-7744,-104,15508,102,161,72,-15380,-408,-4340,-202,-97,-348,-15516,2736,-2680,684,-437,-54,-15248,532,-484,853,-341,111,-15116,-1768,-5220,-322,1,395,-15488,-4496,1356,581,-258,410
