ax,ay,az,gx,gy,gz
32767,20402,6092,-70,-67,-4
32767,20308,5748,-31,-62,12
32767,20394,5678,-28,-20,11
32767,20710,6084,-135,27,-37
32767,19914,6352,-153,36,-50
32767,19946,6386,-33,9,-6
32767,20098,6514,66,-23,29
32767,20712,6320,57,-40,9
32767,20638,6250,-52,-70,-12
32767,20328,6196,-76,-75,-35
32767,20326,5996,-21,-71,-5
32767,20596,5904,5,-45,13
32767,20488,6076,-43,-21,16
32767,20088,6480,-102,-32,-13
32767,19826,6528,-83,-66,-39
32767,20012,6200,0,-93,-17
32767,20468,5816,57,-76,8
32767,20724,5810,46,-37,13
32767,20506,6282,-45,-13,6
32767,20222,6510,-70,-35,-18
32767,20188,6492,-49,-80,-22
32767,20338,6126,14,-101,-2
32767,20728,5754,32,-78,13
32767,20684,5696,-18,-34,34
32767,20162,5976,-83,-3,29
32767,19694,6250,-98,8,-24
32767,19902,6370,-25,-1,-37
32767,20344,6204,26,-7,-21
32767,20766,6300,41,-12,-14
32767,20780,6272,14,-24,1
32767,20692,6530,-21,-47,11
32767,20466,6388,-55,-77,6
32767,20156,6188,-62,-86,0
32767,20118,5886,-26,-75,-2
32767,20464,5854,2,-32,-6
32767,20554,6130,-30,-15,-7
32767,20298,6700,-57,-42,-17
32767,20242,6758,-41,-91,-26
32767,20282,6292,-7,-130,-9
32767,20534,5764,30,-118,14
32767,20572,5436,17,-63,22
32767,20136,5994,-37,2,8
32767,20092,6392,-54,12,-39
32767,20230,6512,-53,-13,-48
32767,20440,6380,-11,-43,-31
32767,20674,5980,20,-54,-9
32767,20802,5786,18,-26,14
32767,20810,5990,-39,4,8
32767,20522,6242,-87,14,-5
32767,20040,6524,-89,-26,3
32767,20052,6406,-33,-59,6
32767,20270,6092,1,-75,8
32767,20306,5978,4,-66,6
32767,20338,6096,-26,-44,-12
32767,20340,6228,-49,-37,-30
32767,20414,6344,-40,-51,-20
32767,20406,6134,-6,-67,1
32767,20542,6014,-6,-72,16
32767,20302,6008,-48,-53,-6
32767,20116,6032,-50,-33,-23
32767,20146,6158,-16,-21,-24
32767,20488,6534,12,-47,-16
32767,20690,6410,15,-78,-6
32767,20576,6016,-18,-95,9
32767,20382,5684,-36,-69,10
32767,20280,6288,-78,-7,-15
32767,20192,6484,-57,-22,-18
32767,20170,6360,-11,-56,-3
32767,20458,6036,24,-66,1
32767,20518,6000,-6,-60,-4
32767,20460,6120,-31,-52,-11
32767,20354,6250,-58,-53,-19
32767,20256,6230,-42,-59,-21
32767,20412,5972,0,-54,3
32767,20486,5624,12,-23,22
32767,20604,5722,-30,32,5
32767,20464,6258,-110,53,-27
32767,19994,6650,-90,20,-28
32767,20242,6634,-8,-45,8
32767,20544,6442,22,-92,8
32767,20648,6112,-22,-109,-1
32767,20318,5704,-66,-94,1
32767,19898,5928,-50,-60,-8
32767,20010,5980,-6,-31,-18
32767,20332,6110,10,-19,-18
32767,20690,6194,1,-14,-12
32767,20690,6286,-30,-17,-4
32767,20584,6624,-43,-49,-8
32767,20442,6396,-28,-83,-7
32767,20408,6094,-14,-101,6
32767,20438,5798,-20,-82,9
32767,20254,5652,-51,-35,2
32767,19994,5988,-58,5,-2
32767,19892,6618,0,-6,-11
32767,20486,6738,34,-46,-21
32767,20844,6474,-6,-94,-15
32767,20686,6064,-40,-110,-2
32767,20284,5774,-16,-87,26
32767,20232,5800,32,-48,29
32767,20502,6006,21,-11,3
32767,20538,6482,-67,-15,-28
32767,20382,6528,-72,-45,-26
32767,20424,6174,-19,-65,2
32767,20446,5910,21,-60,34
32767,20316,5876,14,-36,24
32767,20288,6550,-57,-36,-38
32767,20304,6386,-49,-67,-35
32767,20434,6022,-7,-76,-10
32767,20510,5760,18,-45,6
32767,20552,5896,12,-14,20
32767,20448,6338,3,-11,27
32767,20374,6488,-32,-44,8
32767,20292,6466,-31,-79,-16
32767,20306,6258,13,-96,-9
32767,20638,5810,45,-71,3
32767,20832,5586,29,-26,9
32767,20612,5994,-46,19,10
32767,20170,6584,-87,8,-19
32767,20128,6646,-23,-48,-19
32767,20514,6348,54,-87,5
32767,20886,5860,69,-94,23
32767,20910,5656,10,-61,22
32767,20564,6010,-69,-29,12
32767,20328,6288,-115,-29,-26
32767,20196,6282,-113,-52,-33
32767,20170,6094,-17,-76,-5
32767,20398,6098,34,-81,0
32767,20756,5982,27,-70,-13
32767,20816,5864,-28,-40,-17
32767,20424,6010,-83,7,-16
32767,20292,6394,-62,-11,-10
32767,20172,6306,-29,-35,4
32767,20230,6030,3,-46,0
32767,20388,5810,27,-23,-15
32767,20708,6098,21,-10,-18
32767,20824,6390,-34,0,-23
32767,20654,6512,-85,-33,-26
32767,20402,6414,-72,-65,-13
32767,20260,6070,-6,-97,13
32767,20364,5856,26,-79,4
32767,20602,5788,6,-37,-6
32767,20656,5954,-42,3,-14
32767,20670,6364,-81,-3,-23
32767,20476,6588,-75,-36,-14
32767,20234,6524,-34,-88,5
32767,20204,6218,15,-116,8
32767,20778,5698,-3,-88,-10
32767,20664,5660,-54,-30,-11
32767,20380,6074,-78,-2,-10
32767,20108,6472,-55,-5,-13
32767,20324,6460,-27,-42,-12
32767,20480,6152,-10,-54,-8
32767,20656,5984,-1,-46,-8
32767,20784,6482,-34,-63,-17
32767,20848,6514,-69,-98,-10
32767,20704,6102,-96,-118,15
32767,20556,5668,-102,-96,29
32767,20138,5396,-98,-29,44
32767,19658,6146,-88,12,23
32767,19630,6558,-20,13,-16
32767,19838,6662,41,-31,-17
32767,20740,6280,70,-77,-20
32767,20936,5956,28,-83,-19
32767,20764,5982,-19,-78,-8
32767,20504,6076,-35,-61,-7
32767,20402,5972,-48,-50,-16
32767,20304,5884,-20,-26,2
32767,20220,5976,4,-10,20
32767,20222,6354,10,-15,11
32767,20656,6464,-25,-53,-38
32767,20650,6344,-58,-73,-38
32767,20608,6014,-17,-72,-13
32767,20708,5798,36,-50,21
32767,20704,6062,24,-29,33
32767,20638,6272,-41,-34,1
32767,20272,6256,-93,-47,-19
32767,19970,6008,-47,-46,-3
32767,20318,5884,41,-25,7
32767,20700,6168,8,-13,-1
32767,20784,6414,-73,-27,-19
32767,20240,6478,-109,-51,-26
32767,20090,6206,-31,-72,-19
32767,20394,6018,59,-70,3
32767,20888,5924,57,-45,2
32767,20760,6042,-44,-3,-10
32767,20538,6354,-71,-4,-13
32767,20362,6426,-50,-36,-11
32767,20446,6532,-37,-68,-15
32767,20382,6332,-20,-95,-12
32767,20472,5918,0,-96,2
32767,20498,5644,3,-63,13
32767,20446,5694,-32,-11,-2
32767,20416,6316,-81,16,-36
32767,20302,6696,-67,-16,-38
32767,20780,6310,40,-86,-4
32767,21052,5982,38,-88,17
32767,20942,5936,-51,-79,12
32767,20078,6024,-129,-42,-13
32767,19898,5996,-70,-22,-22
32767,20222,5956,20,2,-3
32767,20640,6194,45,8,17
32767,20874,6642,-24,-25,-13
32767,20528,6706,-89,-79,-30
32767,20216,6226,-63,-124,-18
32767,20454,5666,9,-112,-11
32767,20726,5408,35,-21,19
32767,20664,6176,-33,20,16
32767,20282,6528,-107,17,-11
32767,19764,6738,-122,-36,-21
32767,19644,6390,-29,-80,-31
32767,20188,5942,73,-88,-17
32767,20684,5654,78,-62,0
32767,20946,5866,-26,-20,-34
32767,20544,6084,-76,1,-33
32767,20506,6230,-27,2,-18
32767,20906,6382,15,-16,2
32767,21074,6572,-16,-57,5
32767,20752,6458,-73,-93,1
32767,20190,5968,-74,-109,0
32767,19938,5586,-25,-78,8
32767,20230,5712,-3,-1,-7
32767,20556,6262,-61,21,-34
32767,20240,6574,-106,4,-42
32767,20016,6642,-59,-43,-25
32767,20296,6280,36,-77,-20
32767,20844,5924,88,-75,-16
32767,21144,5892,61,-51,-8
32767,21064,6056,-13,-34,-13
32767,20422,6190,-103,-43,-38
32767,20112,6184,-57,-57,-24
32767,20348,6026,24,-57,6
32767,20640,5882,24,-40,14
32767,20580,6186,-62,-22,-7
32767,20162,6280,-121,-22,-24
32767,19756,6312,-95,-37,-31
32767,19850,6186,15,-47,-33
32767,20756,6044,120,-33,-20
32767,21422,6198,70,-25,-17
32767,21538,6432,-32,-40,-20
32767,20962,6472,-114,-78,-14
32767,20394,6222,-97,-102,6
32767,20258,5782,-40,-94,23
32767,20566,5540,-3,-5,21
32767,20458,6126,-89,45,6
32767,20034,6822,-133,21,-23
32767,19802,6922,-90,-51,-39
32767,19996,6588,26,-122,-26
32767,20680,5772,97,-137,-11
32767,21048,5272,58,-84,2
32767,20788,5344,-21,5,-5
32767,20542,5886,-49,66,-18
32767,20614,6928,-40,36,-21
32767,20848,6840,-55,-36,-24
32767,20640,6496,-86,-101,-5
32767,20236,5870,-53,-115,13
32767,20068,5498,17,-73,26
32767,20260,5686,43,-3,16
32767,20372,6038,-2,51,-12
32767,20806,6776,-13,-3,-23
32767,20848,6816,-32,-73,-18
32767,20636,6396,-41,-135,2
32767,20390,5822,-21,-148,2
32767,20526,5380,4,-94,-10
32767,20826,5444,1,-18,2
32767,20814,6228,-85,41,3
32767,20264,6698,-117,13,-5
32767,19756,6746,-64,-51,2
32767,20076,6496,25,-109,-2
32767,20654,6000,42,-121,-12
32767,20862,5794,-5,-89,-13
32767,20714,5736,-32,-37,-11
32767,20462,6054,-35,9,-3
32767,20480,6306,-25,13,-1
32767,20472,6630,-37,-36,-5
32767,20514,6586,-32,-90,-16
32767,20572,6052,-17,-123,-4
32767,20526,5570,0,-95,4
32767,20552,5606,16,-37,7
32767,20644,5868,-23,12,0
32767,20536,6470,-76,11,-23
32767,20420,6538,-61,-25,-11
32767,20342,6258,-1,-68,6
32767,20566,6198,26,-86,6
32767,20702,6202,1,-95,-8
32767,20722,6340,-64,-118,-21
32767,20400,6060,-85,-122,-22
32767,20188,5526,-28,-96,1
32767,20654,5280,61,5,25
32767,20906,5762,23,73,24
32767,20668,6638,-87,71,-10
32767,20182,6900,-122,15,-37
32767,20116,6688,-47,-61,-25
32767,20616,6302,43,-117,-7
32767,21010,5920,44,-118,12
32767,20734,5568,-22,-85,21
32767,20108,5712,-60,-12,-8
32767,20234,6028,-25,17,-26
32767,20606,6484,-16,11,-14
32767,20832,6636,-31,-35,-10
32767,20716,6462,-57,-79,-17
32767,20502,5920,-35,-92,0
32767,20368,5586,9,-61,11
32767,20562,5542,-3,-1,-7
32767,20498,6578,-83,11,-52
32767,20436,6836,-79,-36,-61
32767,20380,6412,-6,-87,-23
32767,20710,6048,73,-104,15
32767,20948,5628,63,-84,23
32767,20898,5750,-32,-39,12
32767,20500,6098,-122,-12,-11
32767,20010,6406,-83,-19,-29
32767,20206,6516,13,-51,-6
32767,20618,6396,58,-83,1
32767,20838,6192,22,-95,-6
32767,20738,5874,-29,-93,-10
32767,20574,5984,-51,-78,-19
32767,20552,5974,-35,-52,-17
32767,20718,5930,-12,-30,9
32767,20748,6052,-37,-9,15
32767,20472,6414,-63,-20,3
32767,20228,6540,-40,-57,-13
32767,20432,6380,15,-96,-12
32767,20952,5832,-17,-88,-1
32767,20550,5728,-86,-26,7
32767,20094,5976,-79,11,4
32767,20034,6606,-50,-11,-9
32767,20012,6766,-24,-69,-22
32767,20206,6328,28,-125,-30
32767,20844,5712,61,-129,-27
32767,21252,5324,35,-73,-17
32767,21272,5726,-62,30,3
32767,20744,6536,-144,51,-12
32767,20330,6940,-121,2,-17
32767,20324,6674,-41,-80,11
32767,20580,6050,9,-125,32
32767,20670,5482,-17,-103,29
32767,20584,5660,-98,-52,2
32767,20226,6156,-144,1,-26
32767,20022,6750,-74,-18,-16
32767,20208,6684,22,-79,3
32767,20304,6336,66,-131,10
32767,20442,6156,71,-160,1
32767,20852,5720,18,-138,-32
32767,20888,5460,-49,-73,-29
32767,20630,5512,-61,6,-6
32767,20456,6060,-24,47,5
32767,20594,6962,-4,-13,1
32767,20786,6958,-30,-101,-28
32767,20666,6296,-53,-153,-22
32767,20496,5552,-17,-132,11
32767,20396,5010,31,-48,46
32767,20298,5670,3,29,39
32767,20246,6422,-55,65,-26
32767,20372,6926,-114,18,-73
32767,20424,6614,-55,-70,-34
32767,20716,6088,19,-96,2
32767,20968,5668,35,-65,18
32767,20832,5896,-15,-26,15
32767,20676,6280,-47,-4,-6
32767,20530,6624,-71,-33,-7
32767,20374,6450,-54,-77,-11
32767,20428,5914,-31,-104,5
32767,20186,5626,-18,-73,12
32767,20240,5948,-19,-38,-14
32767,20348,6174,-19,-8,-37
32767,20520,6370,-30,-18,-31
32767,20734,6322,-31,-34,-26
32767,20786,6392,-55,-56,-23
32767,20610,6266,-52,-71,-16
32767,20424,6294,-22,-96,-12
32767,20742,5972,22,-91,-9
32767,20882,5606,-4,-63,15
32767,20576,5524,-52,-6,20
32767,20196,6040,-80,32,-4
32767,20058,6624,-51,15,-22
32767,20232,6868,-2,-40,-16
32767,20578,6528,13,-97,-5
32767,20610,5920,-14,-106,-3
32767,20456,5722,-28,-66,-6
32767,20326,5942,-24,-22,-28
32767,20680,6154,8,-1,-18
32767,20744,6320,10,-6,13
32767,20734,6316,17,-30,13
32767,20966,6378,-9,-59,1
32767,20940,6286,-45,-77,6
32767,20682,5992,-78,-87,18
32767,20154,5940,-62,-55,10
32767,20224,5882,-34,-31,8
32767,20186,6160,-35,-19,1
32767,20168,6342,-44,-40,-21
32767,20092,6488,-32,-90,-41
32767,20326,5984,48,-102,-25
32767,21180,5632,66,-70,-4
32767,21288,5496,-36,-4,1
32767,20712,5958,-135,33,-8
32767,20338,6600,-135,27,-27
32767,20304,6718,-95,-17,-29
32767,20488,6300,-32,-68,-2
32767,20422,6038,-5,-68,10
32767,20268,6032,2,-54,8
32767,20408,6148,-11,-45,-17
32767,20760,6174,-64,-37,-27
32767,20494,6074,-107,-21,-12
32767,20114,6184,-81,-18,-3
32767,19916,6424,-1,-31,-5
32767,20650,6446,45,-88,-31
32767,21028,6056,-34,-95,-41
32767,20838,5518,-79,-54,-18
32767,20518,5602,-62,2,22
32767,20188,5950,-29,55,26
32767,20240,6376,-35,58,5
32767,20366,6456,-62,38,-17
32767,20328,6212,-69,30,-24
32767,20200,5972,-8,35,0
32767,20500,6024,38,46,6
32767,20770,6034,1,59,-3
32767,20560,5836,-54,81,-10
32767,20388,5742,-59,122,-6
32767,20400,5984,-45,154,7
32767,20374,6250,-40,166,0
32767,20378,6602,-47,164,-7
32767,20348,5300,-42,149,-5
32767,20272,4878,-38,261,-15
32767,20032,5526,-19,351,-30
32767,20158,5976,38,397,-37
32767,20572,6116,61,396,3
32767,20676,5714,67,434,-5
32767,20864,5290,32,498,-19
32767,20654,5224,23,600,7
32767,20706,5112,26,711,57
32767,20528,5102,19,813,53
32767,20564,5110,-42,930,-4
32767,20442,4710,-36,1032,0
32732,20200,4810,-43,1129,15
32152,20152,5146,16,1197,-13
31790,19898,4490,40,1267,-63
30536,20474,5376,68,1437,-188
29908,20394,6034,12,1353,-271
29724,20362,5732,18,1264,-231
29590,20568,5468,68,1162,-107
29746,20530,4680,227,1094,35
29784,20696,4034,367,1139,53
29372,21476,4208,374,1201,-30
28858,21830,4390,247,1245,-25
28302,21328,4174,95,1221,44
27648,21164,4794,39,1169,38
27148,20960,5068,37,1052,32
26944,20762,4946,84,883,44
27134,20798,4108,150,750,41
27580,20608,3096,189,715,-4
27962,20902,2048,251,914,-94
27570,20826,1584,254,1119,-122
26602,21570,2368,275,1236,-129
25584,21808,3228,219,1243,-109
25228,21658,3228,214,1140,-82
25332,21740,2674,220,1018,-60
25462,21504,2160,216,939,-45
25508,21078,1040,209,963,-54
25216,20902,938,271,1057,-118
24700,21598,1758,281,1082,-167
24028,21658,1836,219,1031,-218
23868,21564,1286,165,952,-272
24414,21462,598,148,915,-277
24648,21628,206,178,946,-228
24326,21702,-522,254,1028,-191
24112,21844,-1098,283,1140,-205
23806,21976,-1212,262,1268,-231
22790,22238,334,170,1279,-245
22068,21704,714,62,1146,-255
21510,21278,476,49,951,-245
21436,21292,40,75,740,-215
21818,21398,-842,113,621,-187
22254,22094,-1610,153,549,-147
22604,22316,-1950,129,548,-96
22912,22032,-2090,101,587,-12
22744,21888,-2430,112,649,45
22346,21914,-2734,111,710,12
22240,21876,-2918,87,788,-21
22168,21538,-2934,79,832,-2
21780,21428,-2250,74,808,13
20632,21334,-2070,22,679,-45
20606,21266,-2488,-2,492,-109
21202,21296,-3130,26,406,-79
21630,21374,-3504,62,412,-42
21894,21344,-3802,103,441,-19
21776,21360,-4050,126,497,-35
21428,21862,-3854,124,507,-77
20868,22308,-3246,33,451,-91
20288,22004,-3236,-57,342,-69
20438,21356,-3672,-64,226,-52
20962,21410,-3944,16,164,-10
21156,21394,-3974,72,103,52
20888,21420,-4054,28,74,-16
21090,21320,-4354,-99,71,-165
21550,20966,-4768,-135,97,-221
21432,21168,-4452,-16,126,-163
21134,21674,-4438,60,128,-87
20738,21780,-4398,38,128,-40
20796,21746,-4822,-31,100,-94
20916,21748,-4410,-103,122,-125
21032,21534,-4442,-85,78,-48
21018,21302,-4658,-62,80,14
21214,21074,-4820,15,100,73
21062,21402,-4918,65,117,76
20760,21732,-4536,-25,107,-13
20712,21010,-4386,-109,62,-28
20902,20384,-4604,-76,13,-49
21130,20640,-4976,25,16,-67
21022,21200,-5006,67,42,-70
20854,21546,-4844,14,34,-114
20786,21662,-4798,-60,7,-151
20748,21450,-4904,-85,0,-132
21200,21306,-5054,-28,24,-112
20648,21424,-4614,31,-21,-29
20196,21474,-4872,9,-56,14
20572,21490,-4922,-5,-75,29
21504,21080,-5196,-28,-62,25
21516,20700,-5290,-11,36,-35
21054,20974,-4834,13,50,-79
20374,21300,-4682,5,6,-67
20210,21494,-5092,-40,-30,-64
20952,21442,-5336,-66,-14,-61
21586,21302,-5422,-39,27,-34
21220,21380,-5092,-39,54,-20
20468,21256,-4950,-60,46,-15
20280,21068,-4846,-80,15,-48
20650,20932,-4994,-82,-14,-46
21090,20832,-5426,-36,-3,-30
21360,21056,-5552,2,51,-43
20984,21202,-5216,-30,85,-53
20264,21116,-4782,-66,64,-54
20090,20998,-4656,-67,0,-53
20890,21122,-5262,2,-57,-12
21280,21516,-5608,5,-32,-2
21058,21396,-5280,-64,14,3
20472,20920,-5058,-44,8,46
20260,20824,-4918,18,-20,56
20596,20986,-4902,10,-63,18
21134,20976,-5278,-3,-80,12
21038,21040,-5498,-3,-47,22
20730,21320,-5228,3,-10,25
20516,21292,-5046,-19,-34,0
20646,21380,-5176,-59,-70,-41
20868,21106,-5540,-68,-69,-20
20890,21110,-5438,-25,-29,17
20710,21314,-5070,-1,-21,64
20414,21378,-5104,-25,-40,57
20718,21326,-5208,-77,-51,-9
20924,20810,-5304,-70,-57,4
20994,20946,-5532,-20,-44,-9
20912,21260,-5384,-30,-8,-23
20638,21254,-5114,-33,-14,22
20522,21218,-5124,-29,-35,45
20646,21194,-5308,-26,-35,27
20950,21108,-5326,-55,-31,-23
20942,21202,-5408,-73,-26,-58
20938,21344,-5370,-60,-13,-25
20898,21276,-5408,-36,15,38
20514,21338,-5146,-12,22,76
20276,21230,-5032,-30,-10,68
20494,21200,-5248,-30,-54,34
21114,21118,-5524,-61,-44,-3
21304,21022,-5542,-38,-3,29
20894,21212,-5430,0,19,47
20636,21314,-5300,-15,22,38
20772,21212,-5402,-54,14,-23
20920,20976,-5488,-89,19,-74
20786,21042,-5480,-78,38,-71
20584,21082,-5150,-42,34,-31
20410,21098,-5048,17,7,65
20126,21394,-5470,80,-38,108
21274,22022,-5924,19,-11,17
21404,21726,-5646,-82,42,21
20320,20874,-4938,-115,44,19
19778,20644,-4736,-63,-41,-18
19970,20794,-5134,2,-119,5
21614,21836,-6266,39,-65,7
21192,21810,-5684,-36,8,31
20272,21224,-5054,-65,10,39
19910,21100,-4876,-38,-58,5
20392,21144,-5250,-28,-130,-10
20940,21364,-5838,2,-123,-12
21366,21634,-5752,0,-72,-7
21144,21490,-5546,-19,-41,28
20332,21142,-5058,-27,-33,26
20284,21138,-4942,0,-81,28
20572,21292,-5282,-7,-123,-18
21020,21124,-5552,-51,-128,-66
21122,20870,-5518,-100,-93,-154
20954,20866,-5466,-91,-69,-190
20538,21236,-5410,-24,-56,-135
20430,21942,-5332,29,-63,-48
20524,22214,-5472,-2,-77,74
20664,21654,-5328,-63,-78,85
20880,21058,-5256,-99,-89,30
20940,20784,-5454,-93,-75,-26
20974,20958,-5400,-72,-57,-46
20842,21026,-5314,-37,-48,-20
20636,21186,-5280,5,-54,-4
20714,21284,-5222,-36,-66,-8
20588,20970,-5386,-50,-56,-26
20918,20896,-5306,-40,-50,-59
20966,21152,-5436,-15,-52,-50
20744,21438,-5308,-8,-43,-34
20600,21682,-5224,-29,-46,-25
20594,21706,-5276,-49,-58,-10
20626,21400,-5202,-56,-67,14
20630,20978,-5266,-40,-86,14
21058,21120,-5506,-27,-71,-6
21234,21184,-5562,-38,-33,-11
20784,21212,-5358,-50,-9,-23
20376,21098,-5098,-59,-26,-29
20368,21182,-5172,-28,-66,-3
20756,21142,-5350,-7,-80,30
20942,21018,-5532,4,-67,53
20806,21160,-5342,-38,-37,-31
20630,21320,-5188,-70,-46,-78
20674,21438,-5126,-71,-64,-65
20872,21374,-5292,-39,-68,0
21048,21352,-5278,9,-49,67
20740,21222,-5164,4,-40,71
20576,21060,-4996,-35,-55,15
20622,21066,-5080,-50,-81,-44
21024,21028,-5272,-31,-55,1
20890,21202,-5322,7,-40,36
20668,21332,-5144,-8,-36,50
20390,21244,-5026,-43,-63,19
20510,21186,-5124,-61,-104,-24
20866,21250,-5414,-53,-110,-33
21222,21142,-5484,-46,-77,-28
21060,21294,-5400,-17,-14,-7
20598,21524,-5102,-3,-8,21
20228,21464,-4804,-32,-48,24
20534,21100,-4892,-70,-106,-8
21002,20744,-5264,-74,-106,-33
21222,20886,-5394,-30,-68,-44
21014,21380,-5400,6,-32,-9
20566,21598,-5172,-11,-23,12
20508,21316,-4792,-82,-58,-4
20782,20878,-5082,-23,-94,2
20904,20970,-4992,-30,-94,-33
20862,21170,-5288,-23,-98,-30
20890,21688,-5474,-31,-73,-55
20792,21540,-4922,-55,-54,40
20366,21038,-4656,-57,-98,58
20354,20946,-4756,-41,-173,25
20848,20968,-4932,-37,-202,6
21092,21034,-5092,-48,-201,0
20934,21232,-4786,-53,-226,2
20656,21340,-4474,-78,-278,17
20708,21014,-4462,-89,-361,64
20808,21124,-4610,-59,-392,75
21162,21410,-4968,-39,-386,44
21440,21580,-5422,-29,-272,28
21714,21534,-4760,26,-197,72
21310,21430,-4076,10,-216,65
20664,21518,-4074,-13,-262,56
20410,21758,-4660,-11,-239,81
21298,21490,-4844,-10,-161,103
21908,21304,-4570,-52,-126,31
21442,20850,-4362,-142,-99,-68
21082,20560,-4296,-165,-84,-133
21146,20754,-4530,-102,-44,-134
21242,21364,-4532,20,2,-35
21296,21950,-4488,48,26,35
20878,21922,-4080,-25,27,67
20392,20826,-3386,-61,-90,56
20554,20890,-3764,-9,-198,5
21226,21250,-4708,10,-193,-12
22170,21622,-5332,30,-82,-17
22434,21918,-5084,10,56,-25
21638,21670,-4280,-62,122,0
20272,21186,-3686,-95,91,-3
19850,20942,-3370,-65,-16,-20
20774,21244,-4112,0,-157,1
21626,21290,-5058,17,-112,16
22258,21396,-5142,30,3,6
21878,21570,-4454,-21,71,-37
20654,21570,-3998,-72,61,-45
20028,21332,-3734,-85,-6,-32
20380,21016,-3794,-50,-101,7
20962,21004,-4266,28,-164,57
21776,21710,-5152,77,-94,33
22126,21946,-4792,-40,4,-39
21374,21296,-4156,-134,41,-48
20328,20790,-3710,-97,12,-53
20308,21108,-3754,14,-79,-37
21066,21528,-4378,49,-133,1
21604,21680,-4776,21,-101,24
21542,21500,-4704,-13,-23,46
21118,21278,-4316,-32,6,27
20826,21154,-4026,-31,-8,-17
20932,21434,-4190,-24,-38,-32
21164,21582,-4558,-23,-51,-8
21226,21664,-4540,-13,-24,25
21202,21470,-4460,-31,-4,35
21114,21324,-4346,-71,-4,-13
21132,21004,-4164,-67,-21,-34
20900,21236,-4172,-15,-40,-17
20800,21510,-4240,-9,-61,-4
21002,21536,-4434,-21,-79,3
21464,21356,-4472,-43,-31,-13
21276,21294,-4314,-39,-25,-7
20850,21326,-4080,-32,-42,2
20636,21254,-4088,-21,-99,10
20936,21326,-4282,-26,-121,-14
21474,21288,-4546,-27,-96,-17
21450,21414,-4452,-19,-56,-25
21088,21520,-4072,-26,-54,-13
20466,21492,-3662,-47,-133,-1
20674,21592,-4000,-28,-224,20
21300,21492,-4662,-33,-199,49
21834,21344,-4628,-24,-135,52
21646,21196,-4242,-29,-98,22
20980,21298,-3608,-45,-120,-9
20320,21304,-2942,-63,-233,-7
20374,21158,-3540,-34,-373,35
21474,21548,-4732,7,-317,-11
22542,21908,-4726,-22,-229,-31
22394,21828,-4334,-66,-144,15
21190,21438,-3854,-74,-89,46
20584,21052,-3276,4,-118,77
20588,21044,-3318,91,-188,96
21030,21400,-3894,91,-187,40
22070,21434,-4216,5,-152,-53
22228,21484,-4070,-62,-80,-73
21374,21442,-3774,-50,-56,-14
20840,21406,-3622,-36,-76,25
20762,21448,-3736,-23,-86,20
21652,21702,-4206,0,-61,3
22272,21916,-4244,-38,7,-33
22016,21616,-3884,-93,59,-30
21034,21214,-3492,-63,69,8
20566,21218,-3064,-33,4,10
20686,21208,-3536,-3,-82,5
21548,21548,-4322,-11,-61,-59
22442,21560,-4432,-48,14,-67
22176,21338,-4098,-40,75,-13
20850,21358,-3486,-16,83,3
20208,21412,-2988,0,-6,10
20520,21576,-3692,-34,-121,-30
21676,21426,-4132,-42,-109,-56
22498,21362,-4378,-9,-59,-21
21998,21684,-4294,-3,22,6
21014,21800,-3952,-21,62,26
20782,21616,-3606,-41,35,15
20944,21514,-3492,-68,-21,-16
21254,21018,-3860,-72,-35,6
21716,21048,-3994,19,-21,2
21514,21692,-3970,15,-12,-20
21030,21722,-3774,-46,-7,-16
20966,21528,-3590,-59,-41,-15
21210,21314,-3872,-29,-59,-5
21328,21424,-4116,6,-36,9
21620,21612,-4076,0,-27,-7
21458,21722,-4090,-44,-13,-30
21228,21360,-3872,-73,-3,-21
21216,21230,-3798,-38,-14,-10
21320,21404,-3966,3,-21,18
21324,21810,-4464,20,-3,38
21446,22136,-4480,-38,55,14
21624,21738,-4060,-127,84,-3
21212,21106,-3628,-144,78,3
20642,20990,-3188,-44,-83,18
20600,21168,-3342,-24,-187,20
20988,21390,-3588,-38,-278,2
21280,21356,-3790,-53,-313,16
21442,21424,-3782,-36,-314,16
21504,21782,-3980,-12,-276,32
21432,22056,-3916,5,-217,75
21546,22318,-3750,5,-221,109
21350,22264,-3418,-39,-226,135
21172,21616,-3492,-74,-235,172
21428,21010,-3762,-52,-220,147
21870,20904,-4104,-21,-166,79
22060,21298,-3930,-3,-115,40
21576,21624,-3364,-90,-84,21
21038,21302,-2916,-122,-111,46
20936,21034,-3278,-56,-170,30
21426,21552,-3288,14,-199,-50
21800,22190,-3386,27,-220,-31
21896,22320,-3526,-14,-203,35
21842,22090,-3456,-73,-175,83
21636,21566,-3150,-91,-189,124
21046,21444,-2892,-43,-184,78
21420,21680,-2780,-38,-234,19
21772,21622,-2664,-46,-278,26
21538,21536,-2112,-54,-369,69
21070,21334,-1948,-19,-515,134
21102,21180,-2842,34,-606,137
21252,21910,-2724,56,-594,24
22146,22144,-2352,-29,-615,-81
22248,21564,-1384,-132,-718,-88
21692,21094,-1104,-57,-857,-16
21582,21582,-2368,106,-945,77
22048,23090,-2670,109,-849,73
23240,23362,-2702,-103,-763,-2
23630,22722,-1700,-275,-685,-14
22952,21954,-650,-320,-698,70
21814,20938,-722,-156,-809,130
21990,21328,-1118,-11,-812,83
22704,22080,-838,30,-806,68
23446,22282,-640,-70,-831,46
23488,21946,-90,-207,-858,26
23100,21556,592,-243,-940,49
22964,21062,510,-181,-1053,50
23016,21544,476,-81,-1123,6
23704,22658,328,-71,-1149,14
24352,22928,294,-181,-1124,52
25050,22620,330,-287,-1088,113
25178,22184,828,-313,-1052,213
24966,21534,1018,-240,-1001,326
25006,20690,890,-74,-924,326
25158,21002,1426,23,-862,175
25498,21674,1732,-61,-851,54
25556,21712,1850,-246,-840,32
25394,21836,2354,-338,-867,-29
25526,21748,2262,-366,-902,-43
25570,21712,2720,-306,-932,18
25768,21792,3254,-221,-996,93
26016,21932,3406,-134,-1086,179
26384,22220,3002,-93,-1137,234
26636,22598,3260,-167,-1163,251
26826,22096,3646,-311,-1215,269
27556,21060,3502,-355,-1253,180
28264,20826,3312,-331,-1228,142
28728,21008,3410,-309,-1174,137
28982,21244,3390,-257,-1087,216
29182,21222,3536,-174,-1005,289
29246,21290,4100,-108,-942,318
29150,21336,4738,-99,-904,240
29400,21546,4554,-186,-908,110
29432,21658,4774,-289,-907,95
29446,21444,5136,-352,-943,155
29500,20972,5646,-279,-1030,245
29998,20700,5828,-46,-1180,382
30580,21186,5266,51,-1208,332
31102,21900,4930,-65,-1220,195
31638,21910,4684,-247,-1166,137
32058,21230,4786,-339,-1092,190
32204,20418,5022,-258,-1040,291
32222,20198,5524,-78,-1017,331
32326,20698,5844,15,-1013,236
32767,21440,5372,-67,-985,106
32767,21250,4594,-177,-895,78
32767,20610,4460,-221,-765,55
32767,20098,5058,-110,-627,105
32767,21112,5834,134,-539,168
32767,21552,5476,73,-472,78
32767,21498,4972,-55,-400,41
32767,21452,6100,-150,-364,96
32767,21070,6876,-133,-421,160
32767,20738,6962,-44,-570,130
32767,20962,6286,42,-629,105
32767,21724,5584,28,-628,101
32767,21690,5158,-108,-557,73
32767,20458,4758,-189,-420,20
32767,19666,5458,-133,-290,-16
32767,19988,6016,45,-220,-24
32767,21012,5904,149,-186,-29
32767,22272,5588,43,-119,-41
32767,22100,5714,-137,-66,-7
32767,21086,6400,-227,-56,16
32767,20536,6646,-162,-94,8
32767,20578,6650,-40,-159,-10
32767,21152,5886,55,-172,-7
32767,21524,5240,16,-134,35
32767,21194,6270,-110,-85,48
32767,20716,6800,-148,-124,10
32767,20488,6440,-86,-175,-7
32767,20706,5788,5,-176,-2
32767,21000,4774,50,-94,0
32767,20858,4924,29,60,-10
32767,20950,5842,-61,172,-79
32767,20746,6086,-97,210,-125
32767,20862,6626,-47,157,-71
32767,21318,6620,7,93,-28
32767,21528,6612,23,23,23
32767,21322,6470,-18,-22,10
32767,21156,6550,-44,-77,-12
32767,21054,6458,-54,-122,-17
32767,20768,5958,-28,-146,1
32767,20684,5270,-1,-98,8
32767,20956,5132,20,38,-11
32767,21230,6132,-15,91,-29
32767,21260,6680,-44,74,-15
32767,20836,6530,-50,-32,-19
32767,21094,6036,15,-71,7
32767,21464,6058,37,-65,40
32767,21312,6112,-45,-62,8
32767,20804,6030,-108,-52,-24
32767,20444,5824,-88,-40,-33
32767,20562,5948,5,-27,-2
32767,20976,6050,81,-24,53
32767,21372,6072,55,-13,32
32767,21380,6284,-92,-20,-53
32767,20960,6140,-133,-34,-58
32767,20700,5890,-55,-25,-21
32767,20854,5944,39,-1,12
32767,21316,6098,42,14,15
32767,21282,6692,-25,-20,20
32767,20932,6564,-62,-80,1
32767,20758,6206,-65,-117,-34
32767,21026,5718,-16,-102,-22
32767,21104,5540,5,-52,4
32767,21050,5604,0,1,16
32767,20978,5804,-13,54,-3
32767,20960,6210,-65,73,-56
32767,20978,6722,-78,49,-72
32767,20890,6536,-60,-7,-56
32767,21048,6156,5,-46,-53
32767,21496,5874,40,-49,20
32767,21392,6138,-12,-40,43
32767,21062,6150,-78,-33,-7
32767,20804,6042,-88,-26,-30
32767,20758,5960,-55,-7,-25
32767,20780,5958,-18,6,-13
32767,20854,6092,-2,14,-7
32767,21034,6050,-4,14,-21
32767,21336,6216,-11,5,-29
32767,21472,6272,-41,-17,-12
32767,21330,6304,-74,-41,10
32767,20810,6206,-73,-68,20
32767,20744,5922,-37,-71,5
32767,20788,5706,-21,-44,-8
32767,20884,5754,-15,7,-5
32767,20974,6224,-26,25,-6
32767,21114,6506,-17,-16,-20
32767,21098,6324,-21,-66,-5
32767,20956,6074,-23,-78,-1
32767,20982,5812,-10,-62,-3
32767,21146,5932,0,-36,-2
32767,21426,6088,-43,-21,-24
32767,21192,6248,-97,-13,-23
32767,20500,6062,-61,-31,10
32767,20412,6066,8,-33,3
32767,21070,6066,47,-37,-18
32767,21454,6186,-8,-37,-26
32767,21240,6186,-62,-43,-34
32767,21000,5990,-67,-47,-28
32767,21002,5942,-16,-43,5
32767,21098,5834,5,-39,15
32767,21016,6114,-44,-23,-14
32767,20976,6192,-57,-25,-30
32767,20998,6046,-39,-22,-16
32767,20954,5912,-12,-11,4
32767,21016,6004,-27,15,-3
32767,20940,6112,-59,21,-26
32767,20926,6208,-83,16,-38
32767,20912,6302,-79,-10,-39
32767,21020,6094,14,-37,-7
32767,21216,6124,29,-44,3
32767,21324,6170,-20,-48,7
32767,20982,6034,-83,-56,-14
32767,20658,6014,-75,-52,-38
32767,20778,5818,-14,-36,-23
32767,21078,5838,17,-11,-5
32767,21272,5848,3,13,4
32767,21124,5972,-30,40,-8
32767,20868,6146,-60,36,-33
32767,20606,6334,-35,31,-33
32767,20548,6100,13,17,-24
32767,21148,5802,60,22,-34
32767,21530,5770,-9,50,-43
32767,21312,6234,-86,59,-46
32767,21116,6536,-97,24,-24
32767,20900,6536,-50,-45,23
32767,20880,6290,-1,-94,35
32767,20924,5894,7,-100,16
32767,21060,5638,-26,-65,-11
32767,20930,5780,-61,-3,-28
32767,20808,6124,-68,10,-36
32767,20890,6340,-29,-6,-24
32767,21062,6250,-10,-32,4
32767,21182,6012,-16,-40,2
32767,21304,5960,-50,-28,-6
32767,21170,6094,-75,-15,-7
32767,20984,6234,-71,-18,-7
32767,20704,6176,-46,-50,24
32767,20580,6106,-27,-67,15
32767,20732,5892,-5,-61,0
32767,21096,5924,-15,-43,-17
32767,21178,5972,-34,-16,-23
32767,21014,6122,-52,-15,-19
32767,20812,6280,-37,-25,-12
32767,20722,6072,-10,-45,0
32767,20948,5810,-6,-24,-4
32767,20934,6144,-23,-17,-26
32767,20984,6222,-9,-20,-20
32767,21016,6208,4,-36,-11
32767,21064,6022,7,-42,-11
32767,21004,5742,-2,-27,-2
32767,20912,5642,-12,22,-6
32767,20792,6134,5,71,-15
32767,20720,6438,77,65,-8
32767,21244,6278,64,15,4
32767,21062,6192,-37,-4,-17
32767,21010,6050,-61,-28,-61
32767,21350,6120,-25,-47,-39
32767,21446,6040,-15,-75,27
32767,21308,5814,-57,-67,30
32767,20706,5822,-113,-37,4
32767,20452,5904,-101,-14,-14
32767,20504,6018,-46,2,-30
32767,20952,6072,13,4,-23
32767,21444,6114,27,1,10
32767,21516,6304,-15,-20,18
32767,21038,6540,-47,-80,21
32767,20694,6166,-28,-107,11
32767,21014,5528,8,-98,-3
32767,21204,5308,10,-26,20
32767,21230,5420,-8,48,35
32767,20968,5870,-39,106,21
32767,20686,6314,-59,109,14
32767,20584,6942,-57,38,-14
32767,21098,6142,5,-122,-50
32767,21460,5434,25,-114,-8
32767,21536,5544,-4,-62,20
32767,21314,5698,-51,0,23
32767,20954,5924,-89,31,11
32767,20758,6062,-88,46,-16
32767,21032,6416,-69,7,-21
32767,20948,6540,-64,-48,0
32767,20770,6432,-43,-102,0
32767,20718,6020,-5,-128,-14
32767,21062,5632,19,-109,-8
32767,21416,5404,-12,-57,-4
32767,21254,5558,-73,7,-5
32767,20954,6014,-84,37,-1
32767,20854,6594,-95,-1,-16
32767,20580,6694,-88,-64,-23
32767,20524,6182,-43,-114,-35
32767,21030,5790,20,-123,-37
32767,21544,5568,34,-89,-4
32767,21576,5962,-28,-61,20
32767,21178,6428,-117,-78,8
32767,20670,6504,-142,-121,-10
32767,20698,6344,-111,-204,-23
32767,20822,6222,-66,-233,2
32767,20956,6048,-21,-258,34
32767,20866,5734,0,-238,55
32767,20950,5478,-3,-184,43
32767,20976,5692,-74,-116,3
32767,20788,6122,-115,-92,-3
32767,20510,6500,-70,-131,9
32767,20806,6538,-26,-189,5
32767,21084,6328,-24,-229,31
32767,21074,6480,-38,-277,68
32767,20952,6506,-38,-330,61
32767,20958,6510,-34,-391,51
32767,21036,6302,-44,-432,55
32767,20800,5974,-70,-443,45
32767,20332,5516,-50,-393,62
32767,20334,5412,20,-309,67
32767,20780,5728,30,-236,52
32767,21224,6344,-18,-205,35
32767,21054,6704,-86,-220,20
32767,20940,6684,-97,-277,18
32767,20796,6594,-71,-338,37
32767,20714,6406,-10,-388,83
32767,20828,6156,21,-417,91
32767,21048,6414,-23,-438,52
32767,21040,6632,-61,-473,57
32767,20920,6796,-64,-537,95
32767,21014,6840,-64,-603,98
32767,20920,6442,-57,-671,108
32767,20634,6140,-60,-701,126
32767,20414,6072,-37,-701,103
32767,20766,6190,-14,-697,81
32767,21122,6192,-24,-696,77
32767,21014,6228,-69,-717,85
32767,20602,6134,-76,-721,113
32767,20472,5970,-26,-714,128
32767,20740,5924,14,-709,130
32767,21018,5968,10,-695,108
32767,20962,6008,-60,-680,89
32767,20562,6238,-106,-691,105
32767,20344,6254,-53,-701,109
32767,20844,6302,10,-771,92
32767,21012,6122,-13,-807,103
32767,20700,5684,-73,-829,124
32767,20140,5100,-64,-777,84
32767,20366,5510,-25,-735,53
32767,20774,6154,6,-740,75
32767,20928,6186,-19,-780,97
32767,20902,5980,-55,-838,91
32767,20992,5756,-92,-862,71
32767,20768,5206,-119,-852,68
32767,20380,5158,-115,-797,71
32767,20500,5372,-76,-787,103
32767,20632,5704,-70,-816,149
32767,20746,5820,-125,-882,120
32767,20496,5834,-170,-932,46
32767,20390,5362,-176,-1003,24
32767,20316,4912,-161,-1015,44
32767,20018,4910,-173,-1010,0
32767,20188,5112,-148,-1028,4
32767,20246,5204,-115,-1066,32
32767,20324,4720,-112,-1100,2
32767,20406,4304,-155,-1127,-25
32767,20296,3992,-191,-1104,-5
32767,19986,3686,-216,-1072,-11
32767,19784,3442,-188,-969,-44
32767,20144,4168,-184,-933,-82
32767,20228,4202,-173,-959,-86
32767,20124,3810,-169,-1001,-51
32767,20170,3432,-144,-989,-14
32767,20310,3364,-172,-998,-4
32767,20224,3732,-217,-1038,-19
32767,20178,3960,-237,-1137,-2
32767,19886,3394,-245,-1203,-4
32767,20064,2784,-268,-1245,-24
32767,19978,2158,-275,-1234,-21
32767,19820,1824,-301,-1205,-27
32767,19604,1650,-330,-1141,-67
32767,19340,1718,-335,-1113,-70
32767,19140,1890,-224,-1071,-30
32767,19404,2180,-131,-1148,0
32767,20210,1942,-108,-1220,10
32767,20090,1178,-277,-1300,18
32767,19632,722,-373,-1270,-15
32767,19096,320,-363,-1276,-10
32767,18718,-164,-265,-1245,6
32767,18664,-1082,-120,-1143,25
32767,19288,-1158,-45,-1023,68
32767,19708,-1142,-108,-931,79
32767,19040,-1000,-231,-862,49
32767,18696,-686,-212,-902,-31
32767,18836,-562,-134,-932,-41
32767,19292,-780,-32,-967,23
32767,19996,-1096,-44,-993,35
32767,20036,-1656,-152,-1005,50
32767,19500,-2284,-218,-1008,107
32767,18976,-2990,-212,-895,128
32767,18470,-2736,-155,-739,91
32767,18612,-1884,-98,-722,124
32767,19000,-2092,-49,-800,131
32767,18744,-3224,-90,-823,116
32767,18228,-4042,-55,-711,117
32767,18272,-4232,-3,-544,79
32767,18974,-3160,-107,-391,6
32767,18068,-2274,-84,-464,8
32767,18488,-2456,65,-579,40
32767,19320,-3124,120,-662,34
32767,19432,-4020,58,-676,53
32767,19322,-4448,-25,-597,70
32767,18610,-4430,-43,-532,96
32767,18724,-4008,-29,-498,96
32767,18382,-4012,-51,-512,87
32767,18084,-4316,-9,-548,97
32767,18294,-4850,15,-546,37
32767,18414,-5442,23,-477,-6
32767,18376,-5116,60,-378,22
32767,18452,-4302,138,-382,54
32767,18888,-4192,185,-437,44
32767,19222,-4826,92,-523,51
32767,18980,-5408,54,-509,79
32767,18704,-5692,60,-439,87
32767,18608,-6014,57,-391,110
32767,18450,-5572,32,-335,114
32767,18056,-5230,41,-322,101
32767,18182,-5062,78,-379,75
32767,18708,-5924,64,-410,8
32767,18744,-6570,-7,-347,21
32767,18054,-6000,-52,-279,24
32767,17562,-4598,89,-346,58
32767,18292,-4912,295,-506,42
32767,19398,-6472,291,-573,20
32767,19560,-7744,122,-431,29
32767,18902,-7118,-69,-266,40
32767,18082,-6414,-31,-210,73
32767,18084,-6646,-23,-209,32
32767,18074,-7276,-28,-175,-18
32767,17794,-7546,-57,-76,-106
32767,18150,-6176,2,-23,-120
32767,18786,-5704,61,-108,-80
32767,18992,-6052,46,-192,-55
32767,19120,-6794,20,-208,-46
32767,19088,-7292,-61,-139,-24
32767,18658,-7628,-72,-22,-17
32767,18324,-6632,-63,58,-12
32767,18214,-4906,35,-38,54
32767,18690,-5228,120,-233,71
32767,18946,-6772,113,-331,54
32767,18934,-7950,20,-251,26
32767,18750,-8056,-72,-83,3
32767,18028,-7540,-160,113,-41
32767,17564,-5664,-116,148,-72
32767,18286,-4522,73,-78,-23
32767,19136,-5956,129,-265,-28
32767,19294,-7362,29,-266,-48
32767,18864,-8050,-26,-160,-33
32767,18766,-7758,-15,-39,1
32767,18782,-7072,-76,46,20
32767,18242,-6316,-96,36,24
32767,18142,-6104,-55,-47,-13
32767,18384,-6604,-6,-116,-40
32767,18722,-7166,20,-91,-49
32767,18780,-7200,-6,-37,-43
32767,18942,-6918,-7,-11,-21
32767,18748,-6414,-75,-11,-15
32767,18388,-6704,-22,-63,-30
32767,18910,-7474,34,-10,-26
32767,18954,-6898,-18,54,-6
32767,18602,-6106,-72,7,23
32767,18482,-6216,-24,-65,7
32767,18990,-6900,-9,-97,-18
32767,18574,-7276,-40,-64,-4
32767,18516,-7244,-15,0,5
32767,18408,-6544,-27,19,30
32767,18166,-6262,-11,-17,-2
32767,18510,-6178,21,-87,-33
32767,18926,-6946,65,-110,-41
32767,19330,-6904,-34,-75,-19
32767,18790,-7146,-73,-38,29
32767,18374,-7124,-67,12,6
32767,18484,-6566,-36,26,-19
32767,18578,-6062,-13,-15,-10
32767,18904,-6458,-11,-127,29
32767,18674,-7326,-3,-125,37
32767,18456,-7616,-8,-46,-3
32767,18500,-7462,1,46,-31
32767,18582,-6046,-53,94,-33
32767,18532,-5808,-30,-27,-17
32767,18778,-6326,27,-126,13
32767,18962,-7278,18,-121,6
32767,18698,-7754,-11,-41,-8
32767,18584,-7458,-13,71,-10
32767,18842,-6194,-45,104,-2
32767,18676,-5762,-67,-1,28
32767,18278,-6642,-38,-85,-4
32767,18598,-7186,12,-48,-39
32767,18786,-7044,-13,23,-46
32767,18688,-6670,-36,54,-31
32767,18638,-5948,-37,19,-11
32767,18680,-5894,7,-64,-5
32767,18918,-6522,42,-124,11
32767,19026,-7302,33,-107,43
32767,18496,-7122,-24,-39,63
32767,18210,-6540,6,-10,39
32767,18766,-6258,40,-32,10
32767,18752,-6178,8,-72,22
32767,18714,-6534,26,-119,25
32767,18910,-7344,12,-93,25
32767,18758,-7288,-55,-10,16
32767,18400,-6706,-92,34,21
32767,18216,-6144,-42,-14,-9
32767,18402,-6304,-1,-80,-36
32767,18804,-6738,18,-94,-16
32767,18832,-7138,-23,-74,-11
32767,18390,-7054,-69,-28,-8
32767,18268,-7080,-45,23,-51
32767,18668,-6474,-11,47,-70
32767,18940,-6252,1,15,-8
32767,18750,-6654,-29,-36,26
32767,18562,-6752,-32,-29,8
32767,18692,-6452,-18,-32,5
32767,18768,-6604,-10,-48,-8
32767,18824,-6630,-45,-60,-10
32767,18420,-6930,-43,-48,8
32767,18336,-7070,6,0,12
32767,18700,-6250,-10,23,22
32767,18554,-5868,-28,-59,34
32767,18718,-6250,-10,-114,8
32767,18968,-6878,5,-119,5
32767,18816,-7464,-52,-56,20
32767,17882,-6654,-74,99,-34
32767,18216,-5558,-14,78,-58
32767,18836,-5638,55,-56,-33
32767,19206,-6284,28,-138,-2
32767,18924,-7318,-29,-116,12
32767,18508,-7384,-50,-21,5
32767,18522,-6740,-32,30,5
32767,18584,-6322,-44,32,5
32767,18300,-6326,-53,-20,-4
32767,18480,-6106,0,-62,-5
32767,18834,-6572,28,-71,10
32767,18758,-6952,-18,-47,21
32767,18436,-7018,-40,3,2
32767,18640,-6474,-16,49,-10
32767,18874,-5810,-6,7,28
32767,18638,-6008,-26,-58,43
32767,18294,-6644,-17,-107,40
32767,18220,-7158,1,-61,-10
32767,18506,-6986,-2,23,-39
32767,18526,-6340,-40,46,-29
32767,18548,-5534,-41,4,-6
32767,18562,-5976,-7,-92,5
32767,18750,-6672,2,-113,0
32767,18722,-7338,-28,-39,0
32767,18574,-6668,-76,29,3
32767,18432,-5676,-70,3,13
32767,18360,-6096,2,-65,10
32767,18674,-6498,18,-85,-2
32767,18884,-7098,-2,-60,4
32767,18614,-6848,-83,-9,24
32767,18038,-6490,-107,32,-1
32767,17898,-5596,-34,-31,-46
32767,18642,-6010,69,-109,-43
32767,19290,-6636,44,-120,-23
32767,18996,-6942,-62,-93,20
32767,18226,-7050,-84,-16,10
32767,18250,-6662,-40,39,-30
32767,18534,-5640,-16,32,-22
32767,18630,-5716,0,-72,-7
32767,18814,-6548,-4,-127,21
32767,18726,-6884,-45,-107,20
32767,18202,-7116,-67,-44,6
32767,18056,-6838,-36,14,-40
32767,18462,-6238,0,27,-57
32767,18732,-6264,7,7,-46
32767,18812,-6276,-29,-10,-20
32767,18714,-6344,-46,-41,3
32767,18632,-6358,-62,-80,5
32767,18516,-6934,-35,-61,5
32767,18448,-7390,-37,25,-16
32767,18202,-7338,-56,146,-39
32767,18278,-5646,-62,180,-30
32767,18584,-5576,-21,91,-37
32767,18604,-6332,-60,23,-65
32767,18514,-7346,-71,125,-100
32767,18516,-7338,-76,314,-147
32767,18752,-5202,-95,360,-119
32767,18634,-4718,-30,220,-36
32767,18810,-5120,-20,81,-50
32767,18960,-6180,-7,58,-67
32767,18792,-7276,-25,177,-62
32767,18892,-5192,-80,249,-42
32767,18608,-4494,-66,99,-1
32767,18644,-5484,-17,-33,-47
32767,18954,-5960,13,-18,-41
32767,19206,-5562,-27,17,-14
32767,18796,-5432,-94,-5,9
32767,18420,-4968,-88,-65,9
32767,18514,-5458,-3,-118,-12
32767,18586,-6130,20,-102,-47
32767,18884,-6380,22,-36,-40
32767,18872,-5954,-69,-1,-5
32767,18338,-5776,-90,31,-15
32767,18168,-5438,-60,29,-50
32767,18876,-5044,5,-32,-84
32767,19260,-5296,8,-103,-61
32767,19288,-5954,-24,-122,-4
32767,18854,-6222,-50,-61,-4
32767,18916,-5424,-40,-74,12
32767,18994,-5350,28,-114,58
32767,18914,-6064,6,-117,49
32767,18636,-6524,-9,-42,31
32767,18602,-6292,-67,108,16
32767,18314,-4584,-139,68,11
32767,17920,-4314,-71,-96,13
32767,18370,-4970,50,-232,-19
32767,19174,-6506,112,-220,-45
32767,19374,-7310,59,-68,-31
32767,19176,-6618,-42,88,5
32767,18718,-4902,-102,114,10
32767,18524,-4486,-35,-60,5
32767,18806,-5274,-1,-155,-2
32767,18880,-6288,2,-178,4
32767,18740,-6830,-27,-82,15
32767,18606,-6404,-64,41,2
32767,18414,-5330,-94,40,-15
32767,18248,-5018,-28,-4,-39
32767,18886,-5336,41,-55,-52
32767,19290,-6068,3,-80,6
32767,18866,-6428,-71,-17,12
32767,18758,-5816,-76,59,24
32767,18736,-5312,-49,56,14
32767,18664,-5042,-51,18,-18
32767,18754,-4972,-35,-70,11
32767,18810,-5556,0,-119,31
32767,18562,-6458,-8,-76,11
32767,18652,-5870,-56,24,-10
32767,18500,-5378,-56,52,-26
32767,18650,-4936,-44,5,-15
32767,18816,-4926,-18,-73,10
32767,18752,-5554,-11,-137,12
32767,18852,-6372,-10,-62,-6
32767,18778,-6242,-34,33,-11
32767,18542,-5308,-77,78,-3
32767,18136,-4676,-65,7,-1
32767,18390,-4900,-10,-116,-23
32767,18706,-5762,12,-147,-48
32767,19032,-6258,15,-85,-39
32767,18996,-6142,-41,-22,-6
32767,18572,-5832,-63,21,-1
32767,18478,-5418,-32,19,-18
32767,18798,-4986,-19,-76,-8
32767,18786,-5528,-2,-140,-8
32767,18966,-6120,14,-137,-4
32767,19028,-6390,-9,-57,14
32767,18772,-6008,-54,13,23
32767,18220,-5250,-39,24,2
32767,18490,-4980,-1,-45,-4
32767,18844,-5126,-4,-100,3
32767,18848,-5660,-31,-122,16
32767,18626,-6204,-63,-86,2
32767,18498,-5924,-92,-15,-37
32767,18336,-5330,-65,3,-54
32767,18530,-5204,-8,-54,-69
32767,18652,-5910,1,-90,-77
32767,19088,-6122,-5,-68,-61
32767,19284,-6264,-24,-12,-10
32767,19312,-5798,-51,26,38
32767,19004,-5528,-45,14,77
32767,18572,-5476,-24,-8,88
32767,18456,-5412,-4,-23,49
32767,18448,-5092,-20,-23,9
32767,18420,-4932,-29,-50,-6
32767,18350,-5014,-46,-88,8
32767,18036,-5712,-32,-85,-19
32767,18212,-6048,14,-33,-65
32767,18746,-5684,34,12,-75
32767,19038,-5314,-6,-34,-68
32767,19148,-5540,-41,-67,-46
32767,18888,-6236,-47,-47,-50
32767,18842,-6326,-43,40,-65
32767,18886,-5208,-42,70,-42
32767,18846,-4946,-19,30,-18
32767,18922,-5048,-13,-27,-7
32767,18902,-5506,-2,-41,16
32767,18854,-5720,-14,-22,28
32767,18772,-5570,-35,3,18
32767,18512,-5636,-32,11,-21
32767,18736,-5356,-5,3,-8
32767,18968,-5624,26,-2,4
32767,19034,-5750,-22,20,3
32767,18832,-5892,-34,68,20
32767,18894,-5702,-55,117,27
32767,18706,-4952,-77,141,41
32767,18366,-5116,-68,83,38
32767,18318,-5742,-48,105,2
32767,18410,-6074,-35,203,-38
32767,18410,-5234,-60,302,-63
32767,18408,-4616,-58,268,-77
32767,18478,-4626,-22,219,-83
32767,18752,-5450,25,241,-82
32767,19016,-5686,-4,320,-96
32767,18838,-4296,-19,379,-98
32767,19190,-4094,-27,271,-45
32767,18984,-4566,-85,232,-46
32767,18620,-5482,-103,282,-49
32767,19104,-4650,-96,377,-30
32767,18810,-4362,-143,441,-39
32767,18210,-3988,-140,454,-87
32767,17984,-4440,-29,478,-139
32767,18664,-5544,96,628,-185
32767,19380,-3864,1,828,-174
32767,19550,-968,-94,609,-91
32767,19052,-1122,-75,317,-55
32767,18926,-2718,-1,110,-84
32767,19118,-4204,139,154,-114
32767,19516,-6248,158,373,-97
32767,20002,-7028,-40,921,-43
32767,18906,-2980,-392,1321,-38
32767,16366,-1424,-131,1226,-199
32767,17664,-2070,268,1200,-199
32767,19666,-2710,314,1198,-230
32767,20928,-1738,-76,1539,-261
32767,19620,550,-273,1499,-253
32767,17082,1682,-72,1223,-309
32767,18374,550,569,1029,-201
32767,22348,1120,649,989,57
32767,24076,3048,120,666,110
32767,21450,2784,-548,319,-8
32767,18190,1720,-636,75,-53
32767,17414,-458,19,96,5
32767,19114,-1050,260,249,-11
32767,20376,-626,147,465,-46
32767,19780,106,-138,572,-57
32767,18410,358,-200,644,-109
32767,17772,-170,26,739,-155
32767,18552,-1142,211,969,-166
32767,20016,112,245,1184,-131
32767,20650,2156,8,1219,-124
32767,19826,3404,-126,1058,-148
32767,19512,3788,-22,850,-113
32767,19950,2876,181,693,-50
32767,20966,2448,220,633,14
32767,20858,2080,104,657,24
32767,19964,2044,-1,737,8
32767,19552,1734,42,831,33
32767,19652,916,73,1120,47
32767,20100,1848,-111,1316,-42
32767,19362,3620,-218,1346,-133
32767,18770,4964,-174,1241,-121
32767,18524,4824,90,1048,-95
32767,19412,2694,356,1079,-117
32767,21092,3436,265,1143,-87
32767,20774,4858,-13,1200,-194
32767,19632,5406,-153,1069,-272
32767,19272,5196,114,954,-148
32767,20160,4672,391,917,26
32767,21360,4612,431,888,86
32767,22156,4578,211,896,74
32767,21434,4652,-133,927,-1
32767,20006,4806,-273,956,-99
32767,18820,4724,-106,982,-130
32767,19228,4424,186,1038,-38
32767,20068,4404,305,1117,-5
32767,20664,5434,223,1165,-83
32767,20734,6022,82,1159,-173
32767,20304,5418,82,1137,-183
32767,20590,5720,217,1108,-105
32767,21432,6922,261,999,-37
32767,21376,6492,72,798,-28
32767,20858,5960,-28,746,-78
32767,20730,5972,15,713,-50
32767,20926,6938,90,621,21
32767,20950,6852,138,520,56
32767,20948,6254,102,436,30
32767,20838,5292,50,457,-25
32767,20826,5340,-12,532,-72
32767,20526,5046,-1,695,-117
32767,20270,4956,65,821,-100
32767,20540,5474,165,899,-59
32767,20868,6054,202,939,-29
32767,21076,6266,163,940,-61
32767,21426,6050,7,925,-210
32767,21580,7214,10,852,-132
32767,21576,8678,21,642,-7
32767,21648,8360,30,328,39
32767,21272,7116,29,99,14
32767,21622,6934,24,-48,-22
32767,21470,6212,-26,-106,-18
32767,20916,5726,-72,-96,-16
32767,20676,5442,-30,-36,-19
32767,20840,5530,4,37,-36
32767,21086,5432,6,129,-66
32767,21336,6206,-53,161,-85
32767,21510,6814,-97,137,-82
32767,21294,6992,-96,44,-52
32767,21074,6896,-22,-47,-14
32767,21294,6382,62,-123,7
32767,21620,6216,16,-150,-8
32767,21512,5846,-42,-131,-19
32767,21236,5878,-79,-101,2
32767,21194,5882,-76,-67,7
32767,20998,5896,-72,-21,-1
32767,21116,6030,-75,-6,-7
32767,20996,6308,-92,-2,-18
32767,20796,6252,-86,-34,-38
32767,21044,6152,-65,-47,-46
32767,21236,5904,-4,-35,-3
32767,21386,6024,37,-10,31
32767,21628,6626,3,-35,52
32767,21404,6530,-79,-77,37
32767,20912,6112,-146,-102,-11
32767,20508,5590,-82,-70,-14
32767,21074,5804,35,3,24
32767,21488,6306,21,19,35
32767,21302,6248,-56,22,22
32767,20940,6172,-105,11,-10
32767,20798,6334,-104,-3,-37
32767,20886,6502,-56,-49,-28
32767,21062,6184,1,-71,7
32767,21208,5676,19,-52,17
32767,21356,5880,-15,23,31
32767,21254,6466,-53,34,41
32767,20926,6678,-102,-2,-6
32767,20714,6470,-102,-52,-34
32767,20572,6090,-30,-71,0
32767,20792,6014,34,-62,29
32767,21166,6012,52,-47,24
32767,21460,6400,-26,-42,4
32767,21312,6414,-85,-59,-15
32767,20934,6388,-94,-87,-19
32767,20796,6140,-31,-96,-2
32767,20914,5740,28,-73,11
32767,21102,5594,32,-26,9
32767,21118,5986,-16,28,14
32767,21006,6296,-70,39,-12
32767,20972,6970,-91,-15,-38
32767,21064,6852,-37,-89,-24
32767,21156,6364,2,-162,-11
32767,21258,5768,45,-152,24
32767,21298,5384,39,-89,42
32767,21028,5552,-5,-12,26
32767,20874,6042,-28,37,7
32767,20970,6370,-40,30,-2
32767,21080,6518,-66,-15,-8
32767,21016,6216,-45,-32,0
32767,20960,6064,35,-13,17
32767,21218,6164,59,-24,16
32767,21394,6186,36,-24,3
32767,21106,6056,9,-23,17
32767,21196,6094,32,-11,35
32767,21390,6208,21,-20,44
32767,21280,6094,-16,-23,45
32767,21106,5966,-44,-21,42
32767,20978,6122,-79,22,-24
32767,21030,6628,-86,-4,-37
32767,21048,6606,-58,-56,-24
32767,21012,6278,-7,-101,-1
32767,21302,5690,20,-71,12
32767,21370,5776,-24,-27,8
32767,21206,5960,-82,14,-20
32767,20904,6192,-108,18,-36
32767,21010,6174,-80,16,-32
32767,21020,6232,-47,17,-13
32767,21088,6414,-6,-3,12
32767,21260,6418,-8,-33,-2
32767,21370,6256,-35,-52,-9
32767,21316,6098,-72,-58,-8
32767,20984,5972,-90,-44,-7
32767,20682,6224,-57,-34,8
32767,20760,6242,9,-30,13
32767,21026,6270,34,-58,7
32767,21234,6098,9,-75,0
32767,21176,5884,-73,-69,-47
32767,21134,5734,-69,-34,-44
32767,21100,5964,-16,7,-2
32767,21280,6194,13,17,24
32767,21374,6552,-50,-5,2
32767,21142,6486,-105,-50,-13
32767,20798,6322,-117,-79,-18
32767,20698,6030,-40,-79,-14
32767,21026,5696,46,-35,5
32767,21328,5784,19,11,5
32767,21344,6422,-83,18,-18
32767,20954,6836,-153,-43,-37
32767,20724,6864,-109,-112,-31
32767,20856,6308,-15,-152,-11
32767,21294,5658,62,-131,20
32767,21398,5460,24,-57,28
32767,20904,5642,-70,36,5
32767,20596,6428,-94,47,-27
32767,20732,6778,-71,0,-37
32767,20886,6734,-35,-67,-23
32767,21152,6210,14,-104,-18
32767,21434,5784,36,-94,-3
32767,21580,6170,-10,-83,15
32767,21152,6596,-106,-94,9
32767,20556,6738,-133,-157,2
32767,20420,6146,-34,-193,4
32767,20716,5552,63,-152,20
32767,21156,5230,101,-64,31
32767,21404,5408,23,29,22
32767,21160,6234,-107,67,-22
32767,20722,6836,-170,46,-66
32767,20568,6886,-45,-59,-49
32767,21128,6284,82,-111,-12
32767,21656,5784,87,-107,5
32767,21716,5582,0,-65,8
32767,21422,5708,-93,-16,7
32767,20758,6078,-134,13,7
32767,20436,6480,-43,6,-26
32767,20836,6356,13,-16,-32
32767,21228,6408,-8,-41,-30
32767,21316,6044,-42,-56,-29
32767,21116,6028,-71,-58,-14
32767,20908,5864,-57,-35,-8
32767,20876,5938,-16,-7,-11
32767,21236,6198,-2,13,6
32767,21222,6354,-53,9,-4
32767,20946,6606,-96,-31,-16
32767,20666,6494,-81,-70,-12
32767,20616,6212,-31,-102,-12
32767,20816,6124,25,-107,-10
32767,21110,5818,32,-86,-10
32767,21312,5736,-16,-44,-17
32767,21176,5892,-103,7,-15
32767,20732,6274,-119,14,-10
32767,20568,6648,-73,-23,-11
32767,20756,6646,-11,-75,-9
32767,21156,6198,7,-111,-16
32767,21262,5824,-13,-95,-10
32767,21016,5564,-37,-49,2
32767,20960,6116,-53,-12,3
32767,20792,6650,-81,-54,-18
32767,20744,6906,-69,-100,-37
32767,20798,6560,-48,-173,-44
32767,20962,6284,-17,-201,-49
32767,20968,5852,0,-187,-17
32767,20652,5616,1,-137,11
32767,20640,5724,10,-75,-11
32767,21242,6134,-38,-28,-57
32767,21206,6366,-89,-26,-39
32767,20990,6260,-95,-47,-28
32767,20774,5876,-53,-42,-22
32767,20744,5714,2,-1,8
32767,21062,5988,-7,35,-3
32767,21218,6462,-70,42,-44
32767,20950,6866,-113,-16,-31
32767,20464,6446,-32,-94,12
32767,20788,5940,50,-106,10
32767,21212,5576,48,-64,9
32767,21378,6222,-40,-43,9
32767,20958,6456,-108,-40,-11
32767,20712,6704,-110,-97,8
32767,20542,6164,-34,-132,37
32767,20516,5532,5,-111,26
32767,20564,5380,2,-1,-1
32767,20756,6018,6,60,-17
32767,21276,6490,-36,68,-63
32767,21170,6764,-100,35,-56
32767,20842,6786,-88,-31,-24
32767,20640,6400,-5,-86,10
32767,20890,5796,67,-104,26
32767,21308,5786,18,-75,12
32767,20968,5916,-116,-14,-24
32767,20566,6300,-139,10,-36
32767,20462,6316,-66,2,-19
32767,20658,6192,1,-13,13
32767,20796,6232,23,-25,20
32767,20942,6306,-6,-32,-8
32767,20872,6178,-55,-38,-41
32767,20938,6162,-49,-34,-41
32767,20968,6086,-35,-23,-25
32767,21024,6216,-53,-31,-23
32767,20538,6298,-105,-62,-18
32767,20396,6154,-62,-64,-25
32767,20590,5964,43,-39,-8
32767,21012,5946,47,-11,-11
32767,21260,6390,-41,-25,-31
32767,20946,6498,-123,-48,-23
32767,20380,6338,-98,-86,-11
32767,20482,6006,0,-87,-13
32767,21002,5676,58,-45,4
32767,21234,5738,14,19,6
32767,21018,6316,-86,41,-10
32767,20488,6608,-109,10,-18
32767,20406,6740,-76,-49,-15
32767,20588,6430,-11,-97,-21
32767,20932,6008,23,-108,-17
32767,21094,5826,8,-78,-3
32767,20888,5838,-20,-35,6
32767,20678,6230,-49,-23,-10
32767,20750,6412,-62,-51,-33
32767,20764,6296,-58,-76,-22
32767,20714,6090,-24,-77,-4
32767,20742,5896,19,-52,13
32767,21060,5972,18,-27,5
32767,21086,6076,-42,-8,-13
32767,20814,6348,-99,-10,-10
32767,20492,6632,-114,-51,-30
32767,20414,6522,-48,-94,-27
32767,20728,6240,39,-117,-4
32767,21090,5892,65,-118,18
32767,21034,5624,14,-71,22
32767,20810,5776,-63,-14,-4
32767,20740,6064,-109,26,-40
32767,20666,6502,-118,20,-39
32767,20606,6750,-25,-36,11
32767,20882,6454,26,-78,21
32767,21002,5984,7,-89,14
32767,20900,5890,-59,-72,8
32767,20530,5974,-96,-38,-9
32767,20234,6060,-46,-9,-8
32767,20468,6310,56,2,21
32767,21174,6616,138,-13,67
32767,21752,6724,59,-78,90
32767,21276,6404,-96,-133,63
32767,20216,6004,-146,-155,41
32767,19742,5784,-74,-123,23
32767,19980,5628,50,-72,-10
32767,20702,5920,86,-16,-13
32767,21228,6166,28,6,-19
32767,21136,6232,-77,0,-23
32767,20830,6314,-78,-15,-1
32767,20698,6312,-63,-38,-9
32767,20728,6304,-44,-52,-18
32767,20748,6172,-38,-64,-17
32767,20604,6018,-20,-46,-10
32767,20582,5974,4,-20,-2
32767,20724,6158,6,2,-12
32767,21004,6506,-32,-29,-31
32767,20914,6570,-76,-75,-31
32767,20740,6358,-63,-114,-22
32767,20702,5986,-8,-106,-9
32767,20758,5504,32,-56,7
32767,20860,5620,19,20,-1
32767,20848,6224,-34,62,-24
32767,20820,6668,-69,40,-39
32767,20824,6810,-51,-133,-13
32767,20710,6062,-24,-174,1
32767,20624,5406,27,-128,14
32767,20818,5394,42,-29,5
32767,21194,6178,-23,16,-17
32767,20942,6556,-122,20,-19
32767,20364,6512,-93,-19,1
32767,20286,6236,-4,-40,10
32767,20598,6342,67,-57,8
32767,21220,6496,29,-91,-13
32767,21228,6324,-62,-116,-39
32767,20842,5868,-97,-110,-28
32767,20642,5476,-42,-56,-3
32767,20896,5690,12,29,19
32767,20886,6504,-47,43,17
32767,20602,6898,-107,-1,-24
32767,20288,6704,-103,-72,-45
32767,20392,6150,-13,-100,-25
32767,20904,5732,52,-77,-11
32767,21176,5898,35,-32,-4
32767,20952,6230,-39,-10,8
32767,20764,6514,-83,-28,-16
32767,20592,6442,-89,-59,-32
32767,20596,6138,-33,-68,-11
32767,20688,5900,19,-48,-1
32767,20884,5864,27,-18,5
32767,20954,6176,-6,-3,12
32767,20760,6298,-63,-9,-9
32767,20526,6634,-79,-42,-37
32767,20648,6434,-20,-73,-27
32767,20970,6200,14,-92,-4
32767,21112,5788,-1,-74,10
32767,20886,5714,-35,-36,11
32767,20508,5968,-37,0,19
32767,20516,6480,-30,-10,2
32767,20750,6730,-38,-49,-32
32767,20798,6406,-53,-108,-34
32767,20716,5926,-16,-108,-9
32767,20686,5674,41,-63,18
32767,20848,5606,45,-5,13
32767,20970,6136,-16,30,-13
32767,20824,6588,-77,21,-30
32767,20808,6726,-75,-29,-18
32767,20788,6554,-37,-78,3
32767,20918,6096,-11,-100,8
32767,20772,6110,-30,-87,-5
32767,20646,6030,-34,-71,-14
32767,20780,5944,-20,-45,-12
32767,20744,5822,-28,-10,-1
32767,20730,6072,-33,12,-7
32767,20754,6662,-47,-4,-19
32767,20696,6780,-37,-55,-16
32767,20720,6304,-17,-120,-8
32767,20852,5782,6,-108,-23
32767,20988,5504,26,-50,-14
32767,21110,5972,8,3,7
32767,20986,6262,-36,24,7
32767,20718,6608,-95,-5,-6
32767,20336,6440,-93,-35,-21
32767,20366,6070,7,-54,-22
32767,20836,6166,58,-47,-18
32767,21386,6416,18,-58,-18
32767,21188,6394,-57,-75,-16
32767,20666,6084,-70,-89,-3
32767,20488,5854,-16,-75,-1
32767,21246,5924,-8,-2,-2
32767,21004,6324,-84,13,-11
32767,20504,6424,-95,-5,-11
32767,20302,6400,-40,-29,-6
32767,20548,6248,19,-47,-6
32767,20904,6418,20,-71,-16
32767,21042,6470,8,-96,-25
32767,21140,6188,-25,-118,0
32767,20988,5666,-36,-95,9
32767,20846,5512,-43,-28,14
32767,20658,5900,-56,38,28
32767,20392,6514,-63,46,-1
32767,20472,6798,-39,0,-28
32767,20734,6672,-9,-67,-26
32767,20892,6176,41,-109,-6
32767,20990,5824,70,-100,15
32767,21120,5452,54,-54,16
32767,21286,5892,-34,-17,3
32767,21134,6218,-149,1,-32
32767,20610,6420,-169,-12,-25
32767,20252,6454,-66,-35,8
32767,20404,6194,64,-55,16
32767,21264,6236,63,-63,-2
32767,21344,6234,-45,-64,-17
32767,20830,6160,-130,-72,-39
32767,20596,5946,-86,-59,-29
32767,20758,5778,-15,-24,5
32767,20954,6148,-10,5,16
32767,20774,6560,-38,-2,9
32767,20650,6632,-50,-52,-11
32767,20724,6328,-37,-99,-17
32767,20852,6020,-24,-103,-8
32767,20758,5908,-22,-70,-2
32767,20462,5926,-4,-26,11
32767,20388,6064,52,-1,17
32767,20922,6366,57,-9,-12
32767,21270,6476,-16,-39,-47
32767,21038,6518,-80,-77,-38
32767,20590,6080,-21,-97,-1
32767,20802,5798,45,-72,2
32767,21230,5780,50,-24,-4
32767,21250,6040,-24,15,-7
32767,20978,6374,-98,5,-13
32767,20590,6596,-126,-35,-26
32767,20418,6464,-86,-75,-33
32767,20620,5948,5,-84,-20
32767,21212,5766,75,-31,12
32767,21400,6006,11,11,15
32767,21004,6376,-94,11,-5
32767,20440,6706,-124,-30,-21
32767,20194,6428,-50,-84,-23
32767,20688,6152,48,-101,-22
32767,21350,5744,68,-76,-7
32767,21512,5814,-48,-9,7
32767,20928,6152,-130,16,2
32767,20340,6384,-119,11,-2
32767,20132,6698,-46,-21,-3
32767,20370,6578,35,-65,-9
32767,20796,6212,65,-91,-25
32767,21226,6040,45,-87,-14
32767,21336,5768,7,-57,-1
32767,21264,5924,-69,-22,6
32767,20800,6228,-95,-10,8
32767,20496,6380,-73,-16,3
32767,20752,6282,20,-24,0
32767,20940,6356,1,-42,-7
32767,20698,6102,-44,-54,-26
32767,20562,5784,-7,-36,-14
32767,20808,5786,28,4,-14
32767,21226,5798,25,44,-12
32767,21368,6280,-57,67,-11
32767,21006,6460,-125,62,-27
32767,20312,6244,-108,46,-28
32767,20280,6088,6,51,-27
32767,20896,6106,66,93,-22
32767,20916,5378,46,142,-32
32767,20796,5530,-6,225,-58
32767,21006,5806,3,283,-55
32767,21078,6212,-17,309,-37
32767,20850,6238,9,314,-23
32767,20882,6186,45,312,-2
32767,21070,6010,49,303,-11
32767,20942,5760,-27,312,-49
32767,20708,5962,-19,338,-61
32767,20886,6080,-10,349,-63
32767,20796,5812,26,374,-56
32767,20908,5624,31,423,-56
32767,20632,5142,62,512,-53
32767,20448,4380,120,679,-77
32767,20582,4034,132,974,-155
32767,20684,4514,126,1183,-224
32767,20886,5062,112,1325,-279
32767,21124,5342,98,1380,-273
32734,21248,5006,148,1436,-196
32586,20998,3374,203,1568,-150
31416,21530,5106,220,1743,-190
30324,21660,6566,116,1671,-246
29664,21462,5758,86,1495,-300
29576,21296,5522,73,1394,-291
29700,21018,4930,149,1327,-244
29806,20952,3784,260,1341,-189
29370,21582,3962,351,1432,-159
28858,21886,4028,322,1482,-162
28472,21590,4020,214,1483,-236
28066,21296,3738,129,1487,-346
27732,20960,3198,172,1478,-335
27122,21316,3444,318,1470,-258
26182,22300,3780,360,1408,-226
25588,22670,3762,282,1294,-227
25254,22486,3508,191,1177,-217
25590,22018,2950,165,1078,-206
26258,21418,2032,214,1045,-184
25926,21332,1584,297,1109,-153
25134,21642,1952,324,1134,-214
24732,21818,1482,308,1132,-297
24736,22088,1294,268,1123,-306
24680,21956,1158,220,1107,-242
24128,21678,1282,247,1072,-168
23388,22036,1502,340,958,-152
21454,22490,-1726,94,819,-281
21094,22422,-1432,63,716,-205
21082,22260,-1582,41,563,-131
21380,21924,-2130,36,469,-61
21672,21900,-2508,53,430,-27
21966,21944,-2966,67,376,1
21626,21778,-2818,-18,369,15
21274,21316,-2918,-71,358,-28
21900,20958,-3728,-56,391,-118
22140,21224,-3968,-7,446,-118
21590,21642,-3530,-7,472,-103
20700,21802,-3470,-67,459,-71
20718,21562,-3362,-56,416,-26
21080,21434,-3478,-20,329,-37
21216,21414,-3760,-45,297,-82
21122,21622,-4412,-16,286,7
21228,21528,-4506,15,294,39
21384,21638,-4236,29,316,50
21100,21778,-4234,10,305,82
20810,21604,-4348,-28,313,107
20718,21196,-4202,5,289,105
20830,21380,-4332,-3,269,18
20624,21584,-3870,-75,193,-79
20868,21334,-4718,-166,163,-118
20976,21128,-4650,-103,125,-62
20884,21312,-4882,-14,110,-22
20844,21920,-4952,26,122,4
21078,21720,-5058,-35,144,15
21160,21374,-4858,-51,156,21
20878,21364,-4848,5,133,64
20604,21568,-4796,22,102,46
20644,21776,-5018,-19,86,-19
20778,21700,-5158,-93,108,-50
20966,21502,-5292,-89,103,-55
21126,21454,-5430,-64,114,-43
21030,21604,-5452,14,129,76
20758,21564,-5308,31,143,136
20430,21778,-4982,6,136,96
20458,21518,-5304,-60,88,21
20828,21116,-5434,-98,96,-62
20942,21230,-5554,-63,78,-104
21160,21978,-6950,-42,44,-103
20616,21882,-5496,-88,110,-25
20454,21476,-5578,-73,101,39
21030,21464,-7070,-51,50,13
20902,21338,-5388,-63,109,-7
20802,21582,-5372,-69,72,-56
20372,21398,-5502,-122,70,-94
20244,21164,-5572,-81,39,-65
20596,21358,-5650,-21,4,-58
20808,21506,-5920,-12,8,-39
20966,21382,-5654,-24,19,-29
20638,21366,-5640,-44,-3,-75
20290,21418,-5734,-86,-6,-115
20338,21244,-5762,-91,-16,-144
20654,21412,-5680,-72,-40,-138
20588,21458,-5690,-20,-67,-41
20364,21588,-5842,6,-83,19
20520,21674,-5958,-9,-75,29
20716,21582,-5830,-53,-59,-5
20994,21286,-5846,-71,-52,-5
20906,20944,-5758,-37,-25,24
20600,21020,-5670,12,-20,34
20172,21280,-5580,4,-33,6
20386,21334,-5712,-45,-65,-84
20824,21438,-5898,-77,-60,-113
20982,21474,-6154,-47,-20,-50
20900,21786,-5994,-34,15,-32
20466,21686,-5662,-82,24,-16
19982,21028,-5356,-133,2,-2
20454,20752,-5780,-3,-93,-16
21196,21524,-6208,40,-61,15
20908,21822,-6202,3,-11,45
20414,21712,-5858,-27,16,58
20408,21348,-5624,-48,0,60
20558,21080,-5602,-23,-22,76
20570,20982,-5644,-13,-48,42
20632,21120,-5940,-19,-59,-25
20880,21568,-6318,-24,-24,-52
20812,21774,-6086,-61,21,-13
20402,21390,-5726,-94,32,-1
20218,20978,-5406,-80,-7,25
20066,20972,-5600,2,-70,54
20582,21688,-5986,25,-100,13
21112,22012,-6320,-33,-66,20
21108,21414,-6124,-80,-4,56
20642,21152,-5968,-49,21,45
20274,21368,-5512,-43,12,31
20250,21208,-5692,-40,-22,56
20418,21174,-5772,-34,-52,22
20704,21566,-6278,-1,-56,29
21040,21864,-6414,-8,-11,29
20974,21802,-6086,-73,38,20
20546,21288,-5594,-93,42,54
19884,20844,-5246,1,-36,119
20046,21244,-5766,74,-112,92
20856,21894,-6380,40,-115,-11
21450,22014,-6590,-40,-48,-49
21200,21630,-6234,-85,28,-29
20240,21292,-5652,-76,35,-5
19626,21136,-5202,-48,-45,6
20082,21146,-5730,4,-147,18
21274,21844,-6590,23,-122,-26
21570,21920,-6438,-53,-36,-17
20656,21562,-6004,-48,10,30
20166,21568,-5432,-45,-2,-9
20034,21328,-5538,-42,-60,-8
20408,21358,-5848,-14,-107,-19
20990,21550,-6348,-14,-95,-32
21254,21594,-6296,-17,-50,-15
20608,21508,-5774,-19,-6,7
20186,21470,-5478,-20,-29,10
20182,21456,-5630,-27,-75,-9
20416,21460,-5804,-41,-108,-45
20816,21498,-6006,-21,-105,-14
20962,21514,-6154,21,-80,16
20928,21920,-6148,25,-46,7
20640,21946,-5940,-48,-23,-16
20262,21346,-5682,-95,-45,-36
20576,21304,-5886,-30,-68,-12
20978,21574,-6050,12,-60,10
20852,21644,-6042,-31,-34,-11
20538,21552,-5728,-56,-28,-19
20324,21406,-5730,-34,-43,-13
20544,21530,-5722,-24,-63,-43
20810,21458,-5828,-61,-68,-53
20644,21208,-5818,-18,-60,-4
20488,21640,-5990,26,-66,6
20664,22018,-6046,-26,-58,-23
20800,21730,-6104,-86,-38,-44
20838,21364,-5886,-83,-12,-39
20372,21296,-5740,-26,-12,9
20214,21558,-5480,-6,-37,19
21084,21330,-5942,-80,-54,-79
20682,21276,-5918,-50,-42,-44
20490,21500,-5854,-16,-38,-23
20330,21492,-5740,-26,-40,6
20520,21480,-5806,-20,-77,1
20778,21520,-6000,-23,-67,2
20812,21528,-5986,0,-53,20
20718,21680,-5846,0,-45,7
20558,21484,-5904,-49,-37,-9
20534,21246,-5784,-54,-41,-18
20654,21100,-5602,-36,-51,-13
20442,21198,-5786,26,-71,26
20580,21880,-5954,59,-81,-2
20644,22020,-6070,28,-75,2
20934,21984,-6088,-29,-57,-39
21026,21404,-5892,-79,-25,-23
20580,20944,-5470,-37,-10,38
20378,21164,-5706,26,-37,35
20396,21680,-5454,1,-66,-8
20498,21812,-5748,-39,-90,-10
20758,21444,-5924,-80,-86,-22
20738,21342,-5964,-50,-67,-1
20774,21618,-5958,-13,-47,15
20684,21812,-5790,-26,-54,20
20462,21576,-5680,-87,-61,4
20376,21052,-5694,-102,-70,-13
20526,21144,-5714,-50,-84,-28
20738,21714,-5922,-1,-97,-13
21072,21732,-5998,-43,-54,23
20686,21490,-5640,-30,-36,45
20272,21504,-5438,-19,-58,36
20178,21518,-5424,-35,-99,-1
20474,21280,-5628,-74,-130,-53
20826,21000,-5684,-74,-145,-76
20938,21292,-6020,-13,-133,-67
21050,21964,-6122,2,-84,-56
20936,22002,-5660,-68,-27,38
20308,21410,-5552,-52,-30,94
20002,21390,-5496,-24,-75,43
20542,21458,-5662,-65,-106,-31
21118,21172,-5748,-98,-87,-74
21276,21104,-5708,-37,-65,-27
20886,21564,-5700,35,-34,41
20396,21916,-5236,-36,-30,26
20298,21538,-5258,-109,-69,-36
20492,21162,-5546,-120,-98,-89
20956,21362,-5796,-66,-92,-80
21232,21548,-5938,-20,-51,-6
21062,21628,-5954,3,-6,43
20462,21738,-5656,-30,17,9
20012,21570,-5302,-79,-16,-16
20102,20988,-5338,-55,-97,14
21112,21100,-5892,32,-113,37
21718,21490,-6298,19,-42,4
21144,21406,-5856,-53,32,-36
20434,21296,-5238,-70,32,-78
19662,21422,-4950,-43,-37,-60
20208,21510,-5330,-4,-116,-29
21098,21562,-5896,13,-114,5
21346,21914,-6084,4,-38,11
20716,21810,-5618,-43,2,11
20086,21434,-5020,-87,-25,-16
20108,20940,-4976,-89,-97,-27
21100,21098,-5858,23,-119,-19
21122,21754,-5946,-2,-57,-22
20594,21724,-5760,-34,-20,-34
20494,21630,-5364,-80,-22,-89
20708,21240,-5344,-104,-51,-78
20988,20800,-5498,-51,-56,-22
20872,21166,-5678,48,-43,4
20712,21894,-5670,17,-15,-29
20214,21650,-5410,-74,-21,-17
20270,21438,-5362,-45,-59,-11
20862,21386,-5536,-31,-78,8
21188,21112,-5780,-43,-65,5
21172,21008,-5784,-38,-24,-17
20672,21296,-5552,-6,-3,-20
20180,21614,-5284,-34,-25,-38
20062,21390,-5232,-62,-76,-36
20862,21280,-5776,1,-103,-8
21248,21556,-5914,23,-63,11
20948,21714,-5858,-25,-25,7
20442,21418,-5640,-62,-12,-8
20312,21200,-5330,-47,-29,-21
20614,21312,-5290,-45,-70,-41
20992,21040,-5486,-50,-76,-18
20930,21090,-5766,-30,-48,-21
20824,21496,-5660,-2,-25,-23
20262,21552,-5540,-39,-13,-24
20246,21370,-5282,-71,-27,-44
20754,21236,-5414,-47,-59,-30
20992,21198,-5626,-11,-61,6
21012,21426,-5850,2,-36,4
20666,21590,-5710,-28,-6,4
20372,21342,-5518,-46,-9,9
20450,21386,-5542,-30,-42,-16
20820,21284,-5520,-46,-44,-15
20772,21046,-5446,-52,-54,2
20450,21040,-5446,-14,-65,15
20426,21226,-5246,-4,-89,-6
20406,21294,-5292,-20,-139,-33
20450,21236,-5072,-48,-187,-54
20550,21112,-5084,-31,-253,-22
20526,21068,-5158,16,-284,7
20642,21364,-4906,4,-337,-16
20656,21534,-4756,-27,-414,22
20402,21382,-4792,-24,-464,103
20468,21196,-4382,22,-536,167
20314,20888,-3350,57,-693,217
19874,20442,-3068,120,-945,225
20224,21436,-5498,226,-977,71
22070,22690,-6096,149,-737,-77
23786,23148,-5324,48,-559,-61
23146,23124,-4090,-24,-455,145
20760,21974,-2898,-11,-477,377
19052,21216,-2398,86,-637,388
19338,21158,-2980,77,-793,173
21040,21488,-3726,-63,-815,-115
23392,21300,-3860,-278,-734,-255
23036,20862,-3380,-273,-664,-214
21518,21078,-2328,-168,-672,-180
20560,21634,-1550,-63,-795,-112
20060,22500,-1088,-44,-993,-26
20536,22994,-1700,-146,-1171,-17
22126,22366,-2334,-255,-1179,-2
23542,21360,-2334,-234,-1116,60
23130,21416,-2016,1,-916,52
22846,22118,-1674,-5,-840,65
22582,22508,-916,-126,-821,98
22536,22210,-360,-258,-863,161
22406,20714,348,-232,-957,213
22490,20682,442,-118,-1069,103
23040,21460,416,-92,-1161,30
23440,22036,552,-160,-1216,61
23704,21868,668,-244,-1268,110
23852,21234,826,-217,-1304,132
24018,21090,806,-122,-1308,100
24750,21544,488,-53,-1287,61
25434,22558,614,-148,-1193,99
25632,22336,956,-270,-1115,196
25504,21322,1388,-303,-1021,262
25388,20588,2086,-187,-993,223
25248,20936,3078,-65,-1002,144
25656,21758,2564,-48,-1109,123
26178,21780,2276,-107,-1098,165
26642,21768,2266,-146,-1065,191
26544,21478,3098,-157,-1035,250
26158,21454,3726,-85,-1035,273
25960,21696,4908,-52,-1198,224
26524,22016,4384,-99,-1376,166
27598,21636,3392,-168,-1442,174
28508,21480,3158,-197,-1430,213
28958,20990,3164,-154,-1338,234
28570,21282,4052,-34,-1241,220
28566,22258,4748,19,-1303,227
29262,22140,4174,-47,-1327,275
30200,21904,3410,-48,-1274,329
30960,21864,3216,-16,-1114,377
31192,21482,3614,-3,-952,385
31076,21470,4218,-48,-792,285
30562,21560,5446,-119,-747,174
30416,21664,5338,-165,-807,154
30548,21958,5324,-151,-855,205
31056,21702,5464,-86,-891,288
31586,21332,5158,33,-908,320
31600,21780,5702,96,-907,267
31598,22294,6102,40,-974,213
31752,22428,6096,-86,-1046,196
32226,21954,5816,-181,-1112,187
32767,21538,5208,-139,-1121,221
32767,21812,5392,-26,-1099,291
32767,21960,5094,44,-1032,337
32767,22114,5730,42,-978,323
32767,22368,5566,-26,-985,270
32767,22034,5250,-163,-953,256
32767,21568,5356,-187,-885,282
32767,21468,5554,-159,-823,267
32767,21302,5598,-91,-760,194
32767,21470,5590,-41,-699,154
32767,21610,5670,-54,-669,121
32767,21546,5266,-70,-612,99
32767,21430,5170,-60,-499,76
32767,21430,4618,-39,-358,32
32767,21752,4880,-26,-190,16
32767,21818,4940,-52,-58,36
32767,21696,6194,-90,40,31
32767,21938,6348,-114,19,-17
32767,22218,6618,-142,-25,57
32767,21662,6430,-134,-101,113
32767,21710,6784,-60,-178,99
32767,21872,7036,-145,-256,11
32767,21456,6366,-231,-330,-35
32767,21242,5684,-199,-335,-16
32767,21044,4794,-126,-253,-6
32767,20718,4146,-39,-79,-6
32767,21068,4910,38,88,-6
32767,21740,6562,57,210,-3
32767,22172,7078,-29,87,19
32767,21982,6650,-119,-9,-6
32767,21666,5722,-149,-44,9
32767,21050,5684,-111,-25,55
32767,20842,6076,-51,-1,12
32767,21102,6470,-12,-9,-49
32767,21648,6568,-1,-47,-19
32767,21964,6148,-11,-76,34
32767,21678,5532,-85,-49,19
32767,21222,5784,-93,-7,6
32767,20952,5842,-94,32,-23
32767,21030,5614,-57,70,-43
32767,21374,5668,-18,119,-24
32767,21710,6322,-32,130,-18
32767,21854,7122,-83,75,-34
32767,21440,6924,-127,-34,-35
32767,21162,5970,-68,-96,-3
32767,21198,5616,-14,-55,6
32767,21350,5876,-6,7,9
32767,21214,6332,-32,25,-8
32767,21288,6478,-42,-2,-35
32767,21418,6222,-36,-42,-52
32767,21756,5794,-13,-46,-33
32767,21960,5620,-8,-14,5
32767,21792,5952,-64,37,21
32767,21234,6372,-120,35,30
32767,20776,6536,-118,-7,14
32767,20582,6160,-61,-44,-30
32767,21002,5726,12,-32,-38
32767,21520,5378,13,20,-23
32767,21658,6268,-63,65,-38
32767,21036,6330,-130,64,-75
32767,20690,6268,-90,38,-65
32767,21134,5930,11,40,-75
32767,21830,5828,51,59,-39
32767,22066,6172,8,79,12
32767,21702,6644,-75,48,7
32767,21142,6698,-107,-18,-19
32767,21064,6316,-83,-72,-46
32767,21340,5854,-36,-67,-18
32767,21396,5648,-9,-26,30
32767,21226,6190,-14,3,39
32767,20982,6472,-35,-27,-1
32767,20912,6336,-53,-61,-42
32767,21098,5896,-54,-69,-65
32767,21406,5474,-29,-23,-41
32767,21562,5508,-17,59,7
32767,21536,5906,-78,141,-4
32767,21178,6220,-170,152,-59
32767,20802,6372,-206,146,-94
32767,20444,6420,-165,107,-114
32767,20902,6246,13,80,-55
32767,21598,6176,118,63,24
32767,22120,6206,79,59,45
32767,20550,6466,-171,-95,-51
32767,20474,5948,-48,-111,-37
32767,21102,5510,60,-62,-12
32767,21508,5226,66,32,27
32767,21290,5816,-27,97,21
32767,20790,6518,-100,115,-37
32767,20758,6762,-101,61,-86
32767,21126,6288,7,-11,-46
32767,21558,6002,60,-33,15
32767,21722,6240,31,-41,51
32767,21466,6284,-47,-63,32
32767,21120,6082,-106,-73,-6
32767,20778,5726,-74,-56,-17
32767,20868,5554,2,-17,6
32767,21210,5876,47,18,29
32767,21310,6200,-24,32,-17
32767,21218,6258,-87,25,-57
32767,21084,6068,-77,35,-59
32767,21208,5532,-35,69,-43
32767,21306,5468,-53,136,-41
32767,21160,5802,-90,182,-36
32767,20732,6288,-104,204,-23
32767,20554,6656,-44,144,-20
32767,20844,6652,-8,75,-41
32767,21300,6514,20,5,-28
32767,21370,6398,5,-49,-2
32767,21414,6238,-28,-88,-11
32767,21248,6018,-56,-101,-26
32767,21078,5880,-36,-92,-8
32767,21072,5680,-2,-55,12
32767,21254,5684,-6,-3,7
32767,21272,6158,-54,19,-2
32767,21102,6574,-86,-16,-8
32767,20762,6578,-84,-68,-21
32767,20808,6186,-26,-118,-18
32767,21168,5648,23,-109,6
32767,21296,5376,28,-50,42
32767,20936,5360,-8,33,47
32767,20826,6546,-55,53,-20
32767,21054,6704,-50,6,-51
32767,21182,6460,-52,-63,-40
32767,21306,6066,-17,-95,-12
32767,21252,5750,28,-89,24
32767,21352,6100,41,-73,36
32767,21466,6086,-4,-61,13
32767,21136,6032,-84,-64,-7
32767,20674,5764,-81,-37,-9
32767,20728,5956,-13,-26,6
32767,21150,6392,22,-23,14
32767,21256,6404,-21,-51,-10
32767,20930,6340,-62,-80,-23
32767,20980,5922,-29,-93,-22
32767,21142,5640,21,-71,-13
32767,21470,5528,33,-4,4
32767,21470,5970,-17,39,-12
32767,21234,6310,-74,32,-24
32767,20958,6452,-99,-8,-15
32767,20654,6262,-52,-50,4
32767,20888,6010,21,-63,6
32767,21440,6190,34,-73,4
32767,21556,6294,-15,-84,-3
32767,21008,6036,-79,-91,-7
32767,20710,5728,-47,-74,-6
32767,20890,5724,5,-48,-2
32767,21298,6434,-21,-37,-8
32767,21260,6514,-59,-81,-22
32767,21160,6162,-43,-118,-19
32767,21426,5708,-8,-109,2
32767,21300,5312,-6,-45,26
32767,21004,5880,-36,17,28
32767,20770,6382,-71,26,-24
32767,20968,6840,-80,-24,-55
32767,21146,6560,-61,-89,-38
32767,21104,5862,-28,-117,-14
32767,21044,5426,30,-63,32
32767,21148,5910,17,-11,29
32767,21394,6454,-39,-13,-8
32767,21276,6978,-122,-72,-45
32767,20844,6326,-121,-141,-39
32767,20620,5692,-29,-152,-9
32767,20946,5320,72,-105,18
32767,21412,5260,68,-25,32
32767,21446,6282,-88,42,-25
32767,21276,6680,-150,20,-69
32767,21314,6548,-148,-48,-47
32767,21100,5984,-87,-82,-1
32767,21114,5356,-39,-44,37
32767,20610,4864,-82,43,26
32767,20348,5722,-93,149,-20
32767,20388,6610,-59,180,-60
32767,20892,6942,-39,102,-70
32767,21152,6698,-20,18,-55
32767,21320,6452,3,-59,-10
32767,21572,6420,2,-109,0
32767,21662,6212,-27,-144,1
32767,21300,6070,-59,-160,34
32767,20832,5800,-69,-142,42
32767,20594,5806,-50,-106,34
32767,20578,5956,-54,-84,29
32767,20548,6070,-50,-62,10
32767,20676,6370,-48,-76,-17
32767,20824,6352,-20,-94,-33
32767,21016,6198,20,-115,-15
32767,21224,5726,49,-116,6
32767,21356,5508,15,-79,20
32767,21134,5866,-66,-23,4
32767,20802,6302,-107,-1,-21
32767,20478,6290,-103,-13,-41
32767,20340,6086,-27,-35,-35
32767,20778,6014,53,-43,-17
32767,21386,6052,59,-40,-18
32767,21612,6080,-2,-27,-18
32767,21428,6170,-62,-21,-13
32767,20912,6236,-68,-40,-9
32767,20808,6096,-40,-51,-7
32767,20852,6026,-27,-54,-2
32767,20766,5934,-26,-37,-4
32767,20830,5936,-26,-26,-15
32767,20890,6202,-36,-28,-28
32767,21018,6162,-46,-38,-45
32767,20960,5944,-51,-36,-47
32767,21008,5908,-7,-15,-10
32767,21114,6046,-9,2,16
32767,20980,6290,-37,-6,20
32767,20768,6542,-59,-49,-5
32767,20896,6520,-51,-103,-39
32767,21064,6112,-33,-127,-37
32767,21268,5764,-18,-117,-13
32767,20856,6300,-77,-90,16
32767,20806,6780,-69,-122,15
32767,20828,6314,-33,-166,8
32767,20912,6002,-26,-183,1
32767,21068,5924,-28,-147,26
32767,20824,5840,-31,-121,41
32767,20762,5728,-18,-79,13
32767,20876,5994,-28,-65,7
32767,20818,6234,-59,-59,0
32767,20684,6224,-69,-69,-28
32767,20834,6024,-33,-75,-22
32767,21006,5994,-21,-63,-14
32767,21034,6028,-39,-40,-4
32767,20940,6202,-41,-35,-1
32767,20928,6226,-32,-41,-16
32767,20924,6280,-23,-54,-9
32767,20938,6452,-22,-82,3
32767,21004,6398,-23,-111,-5
32767,20958,6048,-29,-129,2
32767,20840,5668,-17,-105,18
32767,20848,5780,1,-38,25
32767,20848,6056,-41,-9,9
32767,20678,6532,-97,-14,-22
32767,20586,6646,-85,-57,-44
32767,20854,6412,-14,-103,-17
32767,21144,6102,42,-127,22
32767,21448,6018,24,-129,21
32767,21372,6236,-32,-125,14
32767,20980,6220,-80,-143,25
32767,20696,6224,-89,-153,15
32767,20634,6234,-60,-163,24
32767,20812,6320,-9,-181,46
32767,20980,6494,7,-223,68
32767,21002,6618,-13,-267,64
32767,20910,6404,-55,-329,40
32767,20830,6400,-69,-365,40
32767,21046,6500,-38,-423,75
32767,21052,6610,-37,-473,89
32767,20958,6760,-63,-530,72
32767,20662,6452,-74,-577,65
32767,21170,6350,-55,-600,66
32767,21182,6442,-100,-624,71
32767,20970,6772,-115,-688,99
32767,20612,6656,-76,-786,104
32767,20714,6290,-39,-839,101
32767,20996,6256,-46,-859,113
32767,21044,6498,-96,-890,131
32767,20692,6628,-151,-959,117
32767,20340,6676,-151,-1042,83
32767,20554,6586,-115,-1104,74
32767,20606,6642,-71,-1181,92
32767,20920,6120,-37,-1256,114
32767,20976,5762,-99,-1277,105
32767,20604,5458,-162,-1255,98
32767,20266,5634,-179,-1245,92
32767,20250,5520,-115,-1221,75
32767,20564,5524,-120,-1215,68
32767,20690,5792,-140,-1217,63
32767,20526,6568,-202,-1287,58
32767,20466,5946,-173,-1469,52
32767,20280,5166,-171,-1518,54
32767,20036,4396,-117,-1495,61
32767,20018,4786,-66,-1495,74
32767,20676,4838,-71,-1480,101
32767,20628,3990,-163,-1468,88
32767,20296,3426,-201,-1415,123
32767,20062,3158,-202,-1284,137
32767,19978,3654,-233,-1180,107
32767,19970,4960,-239,-1219,104
32767,19450,5006,-281,-1371,105
32767,19200,4246,-251,-1515,43
32767,19614,3000,-187,-1586,-66
32767,19846,2712,-171,-1589,-66
32767,19986,2400,-175,-1528,-23
32767,19708,2294,-246,-1546,-20
32767,19650,1852,-243,-1511,-42
32767,19494,1920,-330,-1522,-94
32767,19140,1520,-267,-1507,-134
32767,19254,734,-171,-1453,-137
32767,19924,54,-88,-1341,-65
32767,20228,232,-117,-1227,12
32767,20298,498,-201,-1183,42
32767,19874,64,-254,-1126,34
32767,19150,-524,-212,-1081,48
32767,19232,-840,-89,-979,84
32767,19534,-626,-60,-884,132
32767,19830,-302,-112,-868,156
32767,19242,-452,-203,-905,123
32767,18846,-1078,-142,-883,118
32767,18898,-1036,-102,-860,109
32767,19264,-576,-53,-878,141
32767,19316,-920,-51,-942,173
32767,18958,-1894,-17,-917,173
32767,19136,-2298,11,-820,158
32767,19260,-2330,-31,-766,177
32767,18442,-2542,-74,-661,200
32767,18046,-1634,-2,-653,139
32767,18610,-1582,141,-742,137
32767,19140,-2536,215,-780,158
32767,19172,-4162,160,-698,147
32767,18574,-5866,80,-409,121
32767,18376,-4118,32,-70,66
32767,18548,-1546,-7,-45,37
32767,18724,354,27,-479,59
32767,19026,-1334,119,-788,46
32767,19466,-3834,131,-900,50
32767,19426,-5446,68,-715,85
32767,18988,-4928,-36,-469,113
32767,18368,-3542,-53,-381,141
32767,18358,-2902,30,-449,147
32767,18482,-3960,39,-552,86
32767,18320,-4874,41,-519,51
32767,18466,-5046,80,-389,21
32767,18806,-4602,39,-298,18
32767,18768,-3756,-9,-279,0
32767,18600,-3332,10,-362,-1
32767,18892,-4094,99,-443,38
32767,19086,-5320,86,-429,37
32767,18606,-6408,6,-200,45
32767,18838,-4940,-70,-50,71
32767,18438,-4212,-109,-26,40
32767,17820,-4178,-95,-76,-17
32767,18178,-4600,71,-97,-39
32767,19008,-4744,83,-101,-32
32767,19170,-4652,5,-100,8
32767,18418,-3932,1,-162,5
32767,18882,-4206,115,-222,0
32767,19314,-5018,127,-232,29
32767,19246,-5502,16,-185,70
32767,18796,-5800,-93,-80,93
32767,17928,-5290,-161,15,61
32767,17582,-3940,-23,22,-3
32767,18500,-3212,84,-108,-31
32767,19050,-3968,90,-262,-28
32767,19082,-5476,55,-299,-16
32767,18918,-6126,-15,-160,-27
32767,18682,-5558,-55,-33,-11
32767,18658,-4556,-70,-17,8
32767,18454,-3948,-52,-142,12
32767,18470,-4408,53,-241,21
32767,18946,-4902,79,-275,15
32767,19096,-5514,38,-283,35
32767,18690,-5956,-49,-214,39
32767,18344,-5712,-68,-90,9
32767,18340,-5068,-30,-36,9
32767,18482,-5202,-10,-68,16
32767,18296,-5372,-29,-51,-20
32767,18482,-5502,-8,-21,-28
32767,18778,-5034,-31,-7,-52
32767,18848,-4484,-55,-36,-51
32767,18696,-4458,-32,-106,-26
32767,18710,-5050,36,-159,-9
32767,18988,-5382,15,-151,6
32767,18636,-5744,-39,-130,28
32767,18270,-6058,-47,-9,-27
32767,18604,-5004,-27,32,-30
32767,18738,-4836,4,19,-19
32767,18740,-4488,-25,-44,-23
32767,18782,-4870,30,-114,7
32767,18798,-5766,30,-119,-2
32767,18868,-6142,-13,-42,-7
32767,18412,-5866,-75,64,-20
32767,18382,-3714,-43,23,1
32767,18820,-3882,49,-140,17
32767,18992,-5262,13,-235,8
32767,18744,-6310,1,-163,-9
32767,18500,-6814,-8,8,-13
32767,18800,-4862,-66,94,19
32767,18522,-4118,-61,20,19
32767,18324,-4846,0,-157,-25
32767,18614,-6062,65,-148,-65
32767,19150,-6204,54,-20,-46
32767,19232,-5396,-35,49,20
32767,18684,-4352,-109,26,43
32767,18312,-4270,-85,-79,11
32767,18302,-5136,13,-144,-25
32767,18742,-6024,51,-103,-29
32767,18864,-6162,-21,26,13
32767,18628,-4650,-132,68,13
32767,18096,-4104,-99,-7,-25
32767,18408,-4458,-5,-117,-61
32767,18952,-5468,88,-152,-58
32767,19314,-5958,47,-70,-40
32767,19118,-5712,-49,0,13
32767,18640,-5142,-100,12,29
32767,18432,-4920,-45,-32,0
32767,18768,-5072,26,-63,-7
32767,19082,-5020,27,-77,12
32767,18616,-5498,-59,-59,46
32767,18188,-5608,-64,-25,17
32767,18186,-5360,-6,36,-59
32767,18718,-4800,28,43,-58
32767,19088,-4290,5,-29,-24
32767,19038,-4570,-26,-129,4
32767,18816,-5500,-22,-163,4
32767,18816,-5814,-17,-97,0
32767,18852,-5594,-16,-29,5
32767,18686,-5068,-55,-31,4
32767,18432,-5212,-35,-45,6
32767,18544,-5130,1,-55,-5
32767,18898,-4778,15,-67,15
32767,18744,-5036,-9,-126,20
32767,18634,-5636,-37,-124,0
32767,18540,-5702,-33,-56,-14
32767,18574,-5360,-34,-16,-12
32767,18446,-4590,-40,-49,-10
32767,18546,-4750,-17,-122,-21
32767,18856,-5204,7,-147,-34
32767,18880,-6032,6,-120,-27
32767,18820,-5978,-45,-46,-18
32767,18458,-5576,-66,2,-33
32767,18530,-4880,-55,-25,-33
32767,18992,-4912,-12,-77,-40
32767,18938,-5090,-24,-132,-16
32767,18942,-5716,16,-117,7
32767,18870,-6016,-24,-40,14
32767,18484,-5792,-51,37,8
32767,18366,-4798,-58,51,-12
32767,18598,-4504,-9,-40,-7
32767,18796,-4920,-11,-131,-6
32767,18830,-5674,-21,-156,-16
32767,18692,-5866,-25,-65,-12
32767,18756,-5666,-22,-8,-15
32767,18502,-5350,-36,14,-24
32767,18502,-5088,-13,-13,-30
32767,19012,-4384,-9,-48,-27
32767,18988,-4998,-12,-152,-11
32767,18786,-5856,-23,-159,-15
32767,18764,-6376,19,-66,-40
32767,18962,-5718,-46,58,-19
32767,18690,-5082,-94,56,1
32767,18398,-4520,-70,-31,11
32767,18592,-5034,25,-116,7
32767,18946,-5742,37,-101,-18
32767,18970,-5898,-19,-58,-17
32767,18738,-5794,-56,-3,7
32767,18282,-5198,-43,36,-35
32767,18642,-4724,9,-7,-53
32767,19292,-4790,26,-59,-44
32767,19348,-5448,-37,-98,-17
32767,18780,-5652,-72,-77,11
32767,18504,-5844,-39,-26,9
32767,18644,-5600,-4,25,6
32767,18852,-4996,-31,15,7
32767,18610,-5088,-75,-49,3
32767,18412,-5268,-44,-66,-20
32767,18634,-5496,8,-54,-33
32767,18932,-5712,0,-26,-29
32767,18898,-5502,-55,2,-20
32767,18700,-4838,-80,1,-17
32767,18590,-4902,-34,-55,-14
32767,18792,-5932,-21,-30,-11
32767,18760,-5672,-55,18,-22
32767,18730,-5088,-51,26,-26
32767,18780,-4786,-28,-22,-22
32767,19054,-5066,17,-71,-4
32767,19178,-5464,-7,-73,8
32767,18948,-5484,-55,-40,32
32767,18508,-5194,-68,-21,37
32767,18222,-5184,-28,-23,-1
32767,18572,-4954,14,-37,-23
32767,18994,-5166,14,-45,-18
32767,18944,-5268,-48,-49,6
32767,18544,-5424,-45,-36,-3
32767,18580,-5004,-13,-43,-28
32767,19034,-5330,46,-51,-43
32767,19268,-5464,-25,-22,-3
32767,18930,-5508,-54,0,31
32767,18606,-5164,-95,-7,13
32767,18502,-4780,-38,-18,-15
32767,18898,-4856,-2,-80,-20
32767,19176,-5216,-12,-101,-6
32767,18872,-5584,-45,-76,25
32767,18288,-5876,-62,-5,30
32767,18318,-5446,-44,51,-5
32767,18570,-4932,-19,34,-28
32767,18868,-4478,-32,-31,-45
32767,19086,-4646,-22,-106,-15
32767,19114,-5356,-16,-123,15
32767,18880,-5886,-23,-70,28
32767,18688,-5774,-60,-10,16
32767,18552,-5086,-28,22,-38
32767,18968,-4514,14,-13,-30
32767,19302,-4998,34,-84,17
32767,19130,-5590,-30,-99,45
32767,18570,-5962,-53,-33,43
32767,18382,-5488,-69,32,24
32767,18470,-4866,-47,21,7
32767,18596,-4524,-57,-49,12
32767,18320,-4954,-21,-121,8
32767,18348,-5540,19,-118,-29
32767,18674,-5834,18,-69,-41
32767,18616,-5822,-28,7,-53
32767,18622,-5604,-42,65,-64
32767,18900,-4708,-36,65,-52
32767,19228,-4162,-47,-51,-36
32767,19178,-4910,-32,-152,-1
32767,19036,-6128,-11,-120,10
32767,18920,-5984,-17,-1,11
32767,18692,-5314,-40,56,31
32767,18502,-4518,-61,33,56
32767,18226,-4438,-45,-61,35
32767,18382,-5108,11,-105,0
32767,18716,-5690,44,-77,-44
32767,19258,-5330,-36,16,-17
32767,18754,-4706,-78,27,7
32767,18336,-4222,-38,-37,6
32767,18602,-4656,70,-123,-2
32767,19092,-5516,72,-143,-10
32767,19152,-6034,-5,-95,23
32767,18474,-5832,-75,-27,31
32767,18324,-5230,-51,16,-21
32767,18812,-5146,5,-3,-32
32767,19052,-5032,-53,-35,-41
32767,18658,-5098,-49,-60,10
32767,18832,-5192,-21,-64,16
32767,18714,-5298,-56,-62,0
32767,18632,-5378,-38,-32,-22
32767,18682,-5456,7,-3,-27
32767,18902,-5418,1,31,-30
32767,18730,-5336,-41,51,-36
32767,18620,-5252,-60,46,-41
32767,18870,-4896,-54,32,-45
32767,19070,-5238,-57,16,-34
32767,18980,-5464,-82,57,-14
32767,18552,-5890,-89,141,-16
32767,18250,-6080,-78,284,-47
32767,18348,-5244,-109,410,-85
32767,18484,-4558,-92,441,-94
32767,18414,-4598,-93,422,-122
32767,18310,-5530,-89,458,-209
32767,18114,-5856,-59,596,-306
32767,18458,-6462,110,888,-342
32767,19420,-6224,94,1162,-309
32767,20758,-5012,-112,1550,-235
32767,20350,-998,-513,1393,-183
32767,18000,-574,-585,1077,-290
32767,16924,-1312,-214,810,-380
32767,18536,-3380,293,809,-395
32767,21190,-3872,228,1040,-337
32767,21506,-1590,-271,1237,-191
32767,19030,922,-541,1057,-162
32767,17964,1340,-241,743,-131
32767,18518,94,190,507,-105
32767,19836,-1800,368,392,-182
32767,21034,-4618,124,734,-229
32767,21254,-2016,-234,1079,-134
32767,19558,886,-506,1110,-127
32767,17884,1386,-275,829,-160
32767,18260,410,145,667,-124
32767,19340,-1346,362,684,-231
32767,20960,-2718,109,979,-301
32767,21214,-678,-199,1287,-269
32767,19476,1614,-444,1343,-244
32767,19254,3108,-317,1159,-189
32767,19338,2580,-124,923,-138
32767,19500,-412,66,929,-247
32767,20384,-736,38,1316,-263
32767,20754,2138,-132,1408,-209
32767,20116,3322,-156,1360,-126
32767,19366,3040,-98,1251,-70
32767,19358,1094,105,1315,-152
32767,20786,1078,19,1552,-130
32767,21210,3204,-92,1633,-13
32767,19820,4620,-338,1583,-51
32767,18988,5014,-288,1414,-79
32767,19074,5304,-100,1223,-11
32767,19578,5924,148,967,63
32767,20342,5154,300,806,71
32767,21026,3736,306,804,20
32767,21564,3202,147,930,5
32767,20888,3874,-97,1121,68
32767,19850,3698,-258,1209,70
32767,18812,3126,-379,1326,-2
32767,17678,3046,-356,1552,-82
32767,17124,4118,-110,1729,-105
32767,20706,6942,279,1472,-141
32767,20950,5992,155,1341,-231
32767,20674,5330,140,1292,-173
32767,21370,7038,164,1239,-1
32767,21300,7616,148,1105,83
32767,21150,6772,151,927,102
32767,20916,5448,157,887,142
32767,20694,5758,-62,916,87
32767,19894,6446,-261,955,-82
32767,18692,5946,-264,939,-160
32767,18270,5562,-6,982,-145
32767,19276,5622,280,1061,-56
32767,20536,6220,377,1073,12
32767,21072,6526,187,1045,-91
32767,20764,5906,-10,1025,-281
32767,20278,5544,-15,1085,-332
32767,20710,6542,82,1051,-202
32767,21312,7960,164,968,-41
32767,21492,7934,153,743,29
32767,21544,6570,140,577,37
32767,21606,6088,72,543,53
32767,21004,6366,-97,512,-16
32767,20022,6538,-238,496,-138
32767,19298,7670,-153,337,-128
32767,19590,7180,55,179,-65
32767,20450,6604,181,62,-38
32767,21398,5984,177,40,-37
32767,21752,6302,20,2,-61
32767,21478,6498,-106,-41,-64
32767,20998,6316,-128,-70,-25
32767,20680,6010,-87,-83,-5
32767,20550,6334,-27,-69,29
32767,20474,6430,-11,-95,45
32767,20480,6172,-33,-123,26
32767,20484,5946,-45,-121,4
32767,20622,5590,-33,-59,-15
32767,20768,5608,-22,6,5
32767,20730,5846,-33,43,48
32767,20390,6666,-77,31,40
32767,20288,6570,-51,-44,-20
32767,20578,6192,7,-86,-27
32767,21016,5960,63,-85,5
32767,21266,6178,20,-92,15
32767,21024,6040,-58,-91,7
32767,20482,5822,-110,-74,15
32767,20196,5382,-67,-13,17
32767,20316,5946,-15,61,-2
32767,20654,6242,-34,85,-27
32767,20500,6556,-76,57,-27
32767,20324,6422,-43,9,-19
32767,20378,6164,-13,-26,-10
32767,20446,6218,16,-57,-12
32767,20742,6282,39,-82,-23
32767,20928,5902,28,-77,-20
32767,21062,5260,3,-3,-17
32767,21148,5688,-37,64,-22
32767,21030,6258,-80,93,-3
32767,20448,6708,-117,38,23
32767,19910,6942,-95,-66,12
32767,20162,6200,-32,-129,-34
32767,20472,5314,20,-90,-19
32767,20676,5086,48,19,32
32767,20812,6008,-3,105,32
32767,20238,6574,-88,57,-22
32767,20176,6386,-40,1,-53
32767,20638,6474,-3,-48,-49
32767,20932,6392,18,-79,-21
32767,21096,6140,4,-117,-5
32767,21054,6090,-20,-120,7
32767,20832,5864,-59,-108,7
32767,20474,5716,-83,-75,-15
32767,20282,5648,-49,-26,-9
32767,20396,5972,-23,8,-3
32767,20596,6288,-12,16,-8
32767,20670,6684,-21,-47,0
32767,20670,6518,-6,-105,14
32767,20694,6060,-8,-137,8
32767,20620,5640,-28,-116,-4
32767,20534,5768,-47,-73,-6
32767,20504,6160,-66,-59,-25
32767,20558,6286,-57,-62,-32
32767,20684,6042,-27,-69,-5
32767,20900,5922,-1,-47,16
32767,20890,6168,-20,-58,30
32767,20794,6122,-49,-58,17
32767,20636,6060,-74,-64,8
32767,20588,6118,-69,-62,8
32767,20468,6244,-66,-62,13
32767,20364,6376,-42,-85,16
32767,20490,6082,-13,-100,14
32767,20530,5938,-7,-84,27
32767,20588,6188,-32,-55,-3
32767,20662,6562,-57,-78,-32
32767,20564,6880,-51,-147,-18
32767,20442,6470,-15,-215,-7
32767,20508,5658,35,-226,1
32767,20770,5154,64,-150,21
32767,21008,5148,34,-36,40
32767,20880,5732,-57,79,19
32767,20422,6394,-129,97,-17
32767,20068,6866,-143,36,-37
32767,19998,7038,-48,-57,-46
32767,20652,6486,70,-135,-29
32767,21282,5964,101,-157,20
32767,21336,5632,34,-130,51
32767,20786,6006,-92,-95,25
32767,19934,6162,-120,-68,-9
32767,19946,6086,-37,-70,-12
32767,20450,5898,50,-49,-5
32767,21000,6102,66,-39,21
32767,21092,6088,16,-37,30
32767,20966,6152,-69,-40,11
32767,20912,5966,-113,-39,-9
32767,20820,5864,-117,-2,10
32767,20552,5974,-79,20,56
32767,20460,6262,-42,35,64
32767,20530,6308,-47,16,45
32767,20398,6430,-81,-7,21
32767,20134,6398,-93,-45,-3
32767,19934,6766,-62,-102,-9
32767,20094,6582,10,-163,-11
32767,20576,5662,45,-184,-17
32767,20906,5170,45,-108,-17
32767,21176,5342,7,-10,-23
32767,21254,5972,-73,57,-28
32767,20762,6662,-134,54,-16
32767,20390,6840,-119,-4,-2
32767,20128,6104,10,-116,11
32767,20352,5826,56,-108,22
32767,20714,5818,35,-79,-12
32767,21038,6150,-58,-57,-46
32767,20728,6164,-132,-65,-36
32767,20106,5978,-116,-64,-14
32767,20092,5886,24,-37,-7
32767,20558,6154,73,-22,1
32767,20900,6212,39,-23,-1
32767,20872,6264,-52,-35,-27
32767,20684,6234,-74,-54,-26
32767,20596,6252,-59,-64,-12
32767,20518,6246,-29,-73,-9
32767,20598,6242,-13,-78,-1
32767,20536,6104,3,-85,18
32767,20652,5978,-23,-87,-2
32767,20430,5992,-65,-72,-16
32767,20270,6268,-81,-71,-31
32767,20282,6084,-38,-65,-44
32767,20584,5938,28,-51,-18
32767,20990,5876,40,-34,9
32767,21062,6128,-39,-14,1
32767,20508,6580,-124,-55,-24
32767,20138,6390,-85,-93,-14
32767,20296,5884,11,-97,-1
32767,20688,5520,55,-50,12
32767,20766,5724,36,-6,22
32767,20458,6146,-20,27,9
32767,20336,6280,-46,14,-26
32767,20602,6124,-43,3,-60
32767,20700,5968,-29,19,-18
32767,20472,6388,-18,1,5
32767,20634,6568,21,-31,9
32767,20800,6362,-2,-63,17
32767,20666,5948,-57,-72,-20
32767,20408,5836,-89,-65,-59
32767,20264,5912,-46,-35,-31
32767,20424,6272,-5,-40,-2
32767,20762,6194,-4,-53,-19
32767,20808,6114,-54,-53,-21
32767,20748,5942,-74,-39,-21
32767,20634,6192,-69,-31,-15
32767,20502,6516,-56,-59,10
32767,20282,6336,-32,-98,10
32767,20304,5956,-4,-108,4
32767,20668,5736,-15,-77,-20
32767,20734,6012,-48,-44,-19
32767,20546,6218,-74,-20,-8
32767,20198,6072,-47,-12,-4
32767,20288,6142,3,-11,2
32767,20562,6124,4,-18,-23
32767,20874,6580,-63,-59,-51
32767,20596,6522,-79,-95,-33
32767,20310,5978,-20,-114,-3
32767,20516,5566,51,-78,13
32767,20782,5718,28,-34,24
32767,20544,5912,-53,8,3
32767,20236,6614,-113,-17,-50
32767,20402,6676,-70,-60,-68
32767,20668,6326,-25,-101,-19
32767,20722,5886,33,-102,26
32767,20760,5854,4,-60,29
32767,20552,6190,-71,-41,-3
32767,20264,6422,-129,-55,-46
32767,20110,5958,-53,-71,-39
32767,20498,5704,73,-34,21
32767,20860,5994,67,2,25
32767,21016,6562,-26,-6,-10
32767,20626,6686,-126,-58,-40
32767,20252,6396,-114,-111,-34
32767,20296,5880,-25,-119,-21
32767,20648,5646,37,-74,6
32767,20798,5836,32,-20,26
32767,20610,6346,-86,-16,-24
32767,20136,6308,-112,-35,-37
32767,20078,6028,-58,-44,-25
32767,20338,5936,-14,-31,-22
32767,20564,6206,1,-17,-9
32767,20608,6432,-14,-45,3
32767,20654,6392,-18,-73,-3
32767,20832,5986,-44,-87,-16
32767,20488,5824,-84,-43,-9
32767,20200,6066,-59,-14,0
32767,20232,6374,-7,-19,0
32767,20486,6530,25,-40,2
32767,20724,6340,12,-66,9
32767,20580,6216,-8,-91,16
32767,20366,6184,-4,-99,22
32767,20392,6018,3,-102,17
32767,20610,5604,-10,-66,3
32767,20560,5730,-38,-19,9
32767,20434,6102,-44,11,-1
32767,20484,6602,-28,-8,-10
32767,20860,6516,-18,-58,-2
32767,20890,6074,-56,-92,4
32767,20672,5750,-71,-72,15
32767,20402,5688,-51,-18,16
32767,20424,6400,-44,22,-10
32767,20294,6832,-66,-13,-21
32767,20022,6944,-78,-94,-22
32767,19826,6742,-4,-151,-33
32767,20120,5950,85,-167,-25
32767,20712,5500,133,-121,5
32767,21060,5366,53,-54,0
32767,20578,6144,-115,11,-46
32767,20302,6404,-134,2,-91
32767,20596,6576,-64,-37,-73
32767,20978,6272,19,-65,-16
32767,21062,5932,27,-65,29
32767,20756,6026,-28,-49,40
32767,20460,6104,-98,-39,2
32767,20312,6378,-134,-44,-50
32767,20250,6198,-124,-53,-47
32767,19992,6044,-67,-40,-2
32767,19992,5940,27,-26,22
32767,20484,6120,41,-18,1
32767,20894,6446,-51,-30,-41
32767,20690,6432,-156,-56,-72
32767,20334,6140,-144,-69,-48
32767,20204,5880,-40,-52,-1
32767,20552,5848,64,-9,25
32767,20936,6280,8,13,1
32767,21016,6744,-117,-30,-25
32767,20418,6658,-200,-81,-36
32767,20082,6268,-146,-118,-17
32767,19966,5802,-13,-109,23
32767,20188,5596,72,-74,54
32767,20488,5976,13,-33,29
32767,19872,6068,-53,-26,-2
32767,20158,6008,44,-13,12
32767,20640,6220,36,-6,-8
32767,20686,6474,-49,-27,-25
32767,20292,6580,-104,-62,-28
32767,20104,6156,-52,-87,-19
32767,20490,5668,52,-51,20
32767,20780,6116,28,-18,29
32767,20530,6620,-68,-33,-3
32767,20106,6496,-101,-77,-27
32767,19990,6242,-54,-108,-19
32767,20164,5776,5,-85,8
32767,20294,5584,27,-22,23
32767,20270,6070,-9,58,9
32767,20386,6880,-40,34,-23
32767,20438,7160,-83,-53,-45
32767,19572,6758,27,-139,-17
32767,20686,5816,175,-159,24
32767,20920,5420,95,-86,35
32767,20732,5274,27,-7,13
32767,20430,5844,-39,51,12
32767,20134,6576,-67,56,-33
32767,20474,6924,-77,-17,-71
32767,20650,6800,-65,-84,-42
32767,20482,6276,-27,-126,16
32767,20456,5778,22,-113,44
32767,20378,5634,30,-64,31
32767,20352,5930,-24,-24,5
32767,20176,6176,-71,-2,-33
32767,20048,6130,-20,-2,-34
32767,20278,5986,63,11,-1
32767,20610,6068,115,23,10
32767,20994,6326,129,27,17
32767,21058,6480,61,-16,26
32767,20946,6526,-23,-44,16
32767,20618,6612,-105,-69,-2
32767,20146,6272,-123,-91,-29
32767,20014,5776,26,-77,-11
32767,20244,5736,120,-37,21
32767,20786,5982,79,-8,-8
32767,21058,6486,-62,-18,-71
32767,20808,6732,-170,-58,-69
32767,20238,6332,-141,-113,-33
32767,20282,5902,-3,-127,0
32767,20640,5440,101,-80,40
32767,20954,5980,24,-6,19
32767,20704,6426,-103,6,-36
32767,20160,6510,-127,-18,-43
32767,20116,6378,-26,-56,-11
32767,20496,6330,71,-85,21
32767,20998,6012,61,-87,25
32767,20856,5984,-38,-80,8
32767,20216,5948,-112,-42,-38
32767,20052,5992,-70,-16,-40
32767,20362,6234,18,-2,-14
32767,20822,6502,48,-26,0
32767,21020,6728,24,-80,3
32767,20918,6414,-27,-125,2
32767,20730,5898,-56,-138,-7
32767,20542,5436,-45,-98,-3
32767,20384,5620,-8,-2,14
32767,20562,6108,-27,38,5
32767,20556,6610,-70,30,-21
32767,20328,6886,-87,-39,-13
32767,20134,6660,-42,-117,-12
32767,20932,5546,66,-126,-7
32767,21232,5486,14,-58,-2
32767,20988,5852,-73,-2,-8
32767,20378,6600,-113,-8,-1
32767,20174,6750,-70,-56,-20
32767,20340,6452,-15,-105,-29
32767,20756,5934,34,-110,2
32767,20824,5532,33,-63,29
32767,20656,5854,-17,2,28
32767,20444,6602,-82,3,-13
32767,20388,6886,-131,-58,-53
32767,20282,6484,-104,-114,-43
32767,20308,5994,-1,-121,1
32767,20500,5538,80,-80,27
32767,20788,5712,75,-22,16
32767,20908,6246,-36,-2,-24
32767,20616,6338,-87,-13,-37
32767,20522,6128,-61,-23,-22
32767,20642,5908,-5,-7,8
32767,20872,6314,4,-7,31
32767,20726,6616,-37,-37,24
32767,20266,6432,-61,-73,7
32767,20192,6074,-30,-90,-25
32767,20546,5702,21,-54,-15
32767,20714,5836,15,-11,-1
32767,20668,6276,-22,11,-9
32767,20562,6530,-45,-11,-15
32767,20414,6440,-51,-57,-13
32767,20486,6474,-34,-111,-30
32767,20772,6096,7,-124,-30
32767,21046,5786,7,-98,1
32767,20854,5766,-48,-24,12
32767,20348,6296,-67,-12,17
32767,20026,6458,-30,-26,-1
32767,20202,6480,-14,-68,-38
32767,20718,6174,-3,-90,-50
32767,21112,5958,-22,-85,-18
32767,21008,5842,-30,-49,14
32767,20778,6224,-46,-32,19
32767,20324,6288,-37,-39,18
32767,20360,6400,-51,-71,-12
32767,20428,6228,-62,-84,-51
32767,20528,5906,-27,-75,-21
32767,20644,5802,25,-40,10
32767,20844,5946,36,-10,15
32767,20926,6482,-26,-21,6
32767,20600,6702,-115,-55,-31
32767,20184,6320,-86,-110,-49
32767,20452,5732,41,-107,-9
32767,21040,5514,90,-57,22
32767,21298,5762,27,4,41
32767,20750,6222,-98,29,32
32767,20254,6584,-144,9,-19
32767,20132,6716,-99,-38,-45
32767,20504,6202,8,-91,12
32767,20600,6004,25,-92,18
32767,20316,6074,-19,7,30
32767,20190,6378,-66,9,-1
32767,19990,6580,-87,-32,-39
32767,20316,6418,-9,-94,-56
32767,20954,5968,59,-103,-32
32767,21404,5746,65,-70,9
32767,21326,5828,-15,-30,26
32767,20714,6230,-91,-10,20
32767,20410,6018,15,-52,-33
32767,20938,6030,20,-32,-21
32767,20882,6058,-11,-11,9
32767,20748,6400,-29,-21,16
32767,20570,6546,-43,-56,-1
32767,20560,6330,-57,-97,-12
32767,20554,5988,-49,-100,-18
32767,20514,5636,-5,-41,7
32767,20544,5818,20,15,22
32767,20636,6410,-15,18,4
32767,20690,6796,-78,-27,-37
32767,20568,6810,-112,-96,-43
32767,20300,5848,-35,-129,-5
32767,20320,5580,36,-153,23
32767,20670,5284,62,-101,6
32767,20804,5514,-14,25,-4
32767,20776,6128,-69,68,-8
32767,20660,6728,-93,47,-18
32767,20554,6900,-79,-19,-14
32767,20620,6730,-17,-90,-1
32767,20758,6168,31,-133,17
32767,20770,5626,36,-112,31
32767,20622,5690,-18,-55,27
32767,20262,6038,-100,1,-27
32767,20184,6292,-92,2,-30
32767,20392,6184,-40,-11,-12
32767,20440,6144,-11,-20,-7
32767,20586,6280,12,-28,1
32767,20684,6362,7,-48,-7
32767,21016,6500,-18,-83,-31
32767,21090,6214,-58,-102,-27
32767,20628,5826,-32,-78,22
32767,20338,5630,18,-27,43
32767,20494,5914,23,12,37
32767,20586,6510,-71,-2,-14
32767,20360,6672,-126,-37,-52
32767,20186,6390,-70,-83,-34
32767,20526,5922,46,-85,0
32767,20968,5848,76,-58,23
32767,20966,5946,-53,-29,19
32767,20168,6170,-124,-17,-1
32767,19868,6146,-83,-30,-41
32767,20304,5988,33,-26,-40
32767,21092,6274,54,-21,-9
32767,21232,6176,31,-29,10
32767,20930,6318,-70,-35,-3
32767,20300,6352,-48,-87,12
32767,20408,6242,-2,-112,-7
32767,20862,5826,-11,-103,-18
32767,20824,5598,-52,-48,-10
32767,20542,5688,-58,21,11
32767,20256,6042,-43,51,13
32767,20272,7056,-48,5,-9
32767,20296,7054,-49,-77,-37
32767,20520,6176,-6,-154,-45
32767,20824,5474,51,-122,-19
32767,21148,5382,62,-47,14
32767,21326,5914,-12,4,11
32767,20838,6488,-112,12,-8
32767,20344,6724,-150,-34,-13
32767,20066,6518,-72,-88,-8
32767,20386,6052,30,-104,5
32767,20918,5512,44,-45,12
32767,20832,5846,-49,-9,-7
32767,20190,6426,-106,-4,-22
32767,20174,6538,-37,-43,-19
32767,20660,6200,29,-68,-13
32767,20970,5892,-9,-56,-7
32767,20686,5856,-43,-26,3
32767,20384,6158,-54,-13,-5
32767,20416,6492,-22,-23,-20
32767,20788,6470,-29,-66,-25
32767,20874,6134,-41,-91,-19
32767,20664,5786,-51,-79,2
32767,20384,5670,-15,-42,24
32767,20364,6122,-4,9,6
32767,20600,6432,-52,8,-31
32767,20420,6576,-85,-21,-38
32767,20454,6482,-28,-59,-22
32767,20838,6282,23,-83,-12
32767,21050,5940,13,-79,6
32767,20630,5862,-43,-68,15
32767,20212,5918,-58,-28,-27
32767,20424,6016,-30,-11,-39
32767,20786,6310,-6,-9,-18
32767,21036,6492,-30,-23,-11
32767,20854,6396,-63,-40,-4
32767,20554,6178,-57,-58,12
32767,20344,6204,-33,-76,19
32767,20256,6334,-14,-88,0
32767,20610,5990,-18,-93,-30
32767,20708,5814,-26,-72,-20
32767,20716,5876,-18,-34,4
32767,20648,5974,-39,6,6
32767,20434,6208,-59,19,-1
32767,20252,6688,-68,-11,-17
32767,20332,6560,-30,-60,-36
32767,20696,6282,18,-94,-21
32767,21118,5814,33,-76,11
32767,20846,5976,-34,-46,17
32767,20360,6110,-71,-27,8
32767,20078,6336,-70,-38,-17
32767,20260,6254,-19,-50,-32
32767,20738,6068,14,-49,-17
32767,21092,5976,-2,-30,3
32767,20934,6142,-45,-11,11
32767,20430,6398,-58,-40,10
32767,20224,6404,-38,-65,-6
32767,20360,6038,-28,-82,-26
32767,20606,5936,-21,-71,-32
32767,20846,5866,-17,-47,-4
32767,20782,5982,-29,-18,14
32767,20656,6204,-47,-5,7
32767,20384,6458,-72,-22,-8
32767,20314,6510,-54,-70,-20
32767,20428,6256,-23,-94,-25
32767,20770,5854,17,-77,-16
32767,20814,5724,25,-29,10
32767,20898,5934,-6,12,21
32767,20580,6456,-81,4,-1
32767,20142,6720,-103,-33,-25
32767,20126,6400,-5,-102,-24
32767,20702,5826,67,-112,-10
32767,21204,5658,37,-63,-2
32767,21022,5698,-42,-6,6
32767,20476,6266,-103,12,-6
32767,20234,6568,-65,-5,-15
32767,20504,6620,-28,-58,-12
32767,20692,5882,-23,-80,2
32767,20480,5882,-15,-44,16
32767,20492,5996,0,-13,11
32767,20630,6258,-26,-6,-2
32767,20478,6458,-67,-22,-12
32767,20316,6414,-62,-47,-28
32767,20428,6128,25,-70,0
32767,20800,5926,61,-65,16
32767,20950,5882,11,-44,1
